C0000100,y_true,duration,event,max_partial_hazard,mean_partial_hazard,n_intervals,prediction_matched_base_rate,correct_matched_base_rate
302,1,9.0,1,1.515903683814873,1.3591495143250865,5,1,True
802,0,21.0,0,3.1797431417044484,1.8036604109651195,11,1,False
803,0,21.0,0,1.9354803215151912,1.5045530528343642,11,1,False
2001,1,9.0,1,1.783891802090482,1.6152892991654266,5,1,True
2701,0,19.0,0,1.1432652788340276,1.0874215367371574,10,0,True
2702,1,9.0,1,3.9983367962179934,1.8603620717234144,5,1,True
3002,1,5.0,1,1.207083920787062,1.207083920787062,3,1,True
4301,0,21.0,0,0.8762195807985638,0.6815765798854991,11,0,True
4304,0,21.0,0,6.821100386265599,2.09889475761561,11,1,False
4401,0,19.0,0,0.849970737131506,0.7430352494115487,10,0,True
4402,0,19.0,0,0.9327305789330237,0.7951096110333277,10,0,True
4902,1,5.0,1,1.4920695114614433,1.383210783932232,3,1,True
5702,1,13.0,1,1.0453284952783284,0.9945651835517275,7,0,False
5703,0,21.0,0,2.242756843569044,1.1879729420667193,11,1,False
5803,0,11.0,0,1.1179258489007522,1.1179258489007522,6,0,True
6201,0,21.0,0,2.6198752165133095,1.3029282750910098,11,1,False
7801,1,5.0,1,1.3491362234637099,1.34913622346371,3,1,True
9101,0,21.0,0,2.6994599708361546,1.4446868721405919,11,1,False
9502,1,5.0,1,0.9246524442264408,0.9246524442264409,3,0,False
9503,1,5.0,1,2.184621991717234,1.3776688453428372,3,1,True
9602,1,3.0,1,10.627732528649618,6.043365841588547,2,1,True
9802,1,9.0,1,1.8356036743526216,1.7552502543398028,5,1,True
9902,1,11.0,1,0.9008353972687915,0.9008353972687915,6,0,False
10001,0,7.0,0,1.3427099677138037,1.3427099677138037,4,1,False
10003,1,9.0,1,2.953718821562081,1.5903102201377903,5,1,True
11102,0,17.0,0,1.0891304970853852,0.9231430504562496,9,0,True
11103,1,5.0,1,1.707969238593903,1.4389246248188658,3,1,True
12402,1,7.0,1,2.9420290253200148,2.0551987399868916,4,1,True
12801,0,13.0,0,0.9741922721556385,0.8918333724503686,7,0,True
13801,1,5.0,1,2.5354913495843965,1.988005399175685,3,1,True
14001,1,9.0,1,3.4178128467825117,1.5406406582993537,5,1,True
14303,1,7.0,1,1.108243786573899,1.108243786573899,4,0,False
15902,0,21.0,0,0.9087054566981844,0.8601170995709673,11,0,True
16001,1,9.0,1,1.1276924976083609,1.1276924976083609,5,0,False
16501,1,7.0,1,2.671645737098083,2.3560112927360923,4,1,True
16502,1,11.0,1,1.505104829304846,1.4079946185969856,6,1,True
16701,1,3.0,1,1.928013002624153,1.4105232504912073,2,1,True
16702,1,5.0,1,1.783891802090482,1.5028876305487229,3,1,True
17201,1,9.0,1,2.5538417568600793,1.2504903067531685,5,1,True
17401,0,19.0,0,1.0947528780593296,0.9162109103386262,10,0,True
18301,1,13.0,1,1.4463631458307882,1.4456529820230668,7,1,True
18303,1,9.0,1,1.0247928055720306,1.0247928055720306,5,0,False
18601,1,9.0,1,1.3491362234637099,1.3491362234637099,5,1,True
19001,1,13.0,1,0.9087054566981844,0.7123158043282738,7,0,False
19202,0,17.0,0,1.348662961181901,1.1966590276331768,9,1,False
19203,0,21.0,0,2.1784072434204362,1.2364799312255477,11,1,False
20001,0,21.0,0,1.74926628379449,1.561117803223983,11,1,False
20302,0,7.0,0,0.8930334983582616,0.8930334983582616,4,0,True
20402,0,19.0,0,1.5973253223448916,1.4870089140601441,10,1,False
20501,0,21.0,0,0.9408792874652048,0.8237258197514624,11,0,True
20502,0,19.0,0,0.8172710372326707,0.7205413018038112,10,0,True
20503,0,21.0,0,1.2308353060954345,0.987109583168592,11,1,False
21101,0,21.0,0,2.787404760305574,1.2540013408960196,11,1,False
21103,1,17.0,1,1.377648367612918,1.0827312787918808,9,1,True
22101,1,3.0,1,1.2784690978159918,1.2784690978159918,2,1,True
22104,1,9.0,1,1.18374398767404,1.1204813884050753,5,0,False
22401,0,21.0,0,1.3156293712035216,0.7684929730151508,11,1,False
22701,0,21.0,0,1.2218673543717293,0.8685873582700211,11,1,False
22703,1,5.0,1,1.1201469338185266,1.0264481004860448,3,0,False
22704,0,21.0,0,2.36961344456292,1.2012806383447783,11,1,False
22804,1,5.0,1,8.440883389707535,3.668231787820259,3,1,True
22901,1,9.0,1,5.208516256099632,2.347832451128606,5,1,True
23603,0,19.0,0,1.1517021158738878,0.9670372519404078,10,0,True
23902,1,3.0,1,1.961677255744889,1.5477809874177546,2,1,True
23903,1,3.0,1,1.515903683814873,1.1960616323067184,2,1,True
24001,1,5.0,1,1.1043170783970915,1.011942391870738,3,0,False
24002,1,5.0,1,2.1120591814568797,1.6444347106689452,3,1,True
24201,1,5.0,1,1.604489146232928,1.3517450376740057,3,1,True
24403,1,9.0,1,1.3848058262390026,1.3848058262390026,5,1,True
24501,1,5.0,1,2.3384230052007475,1.4746590182247985,3,1,True
24502,1,13.0,1,3.488356662245456,1.3010744222465402,7,1,True
24901,0,21.0,0,0.7488888770901277,0.5907600553001401,11,0,True
24902,0,19.0,0,1.7126371337454174,1.3901993081259603,10,1,False
25001,0,21.0,0,0.767755343093817,0.7274237342555306,11,0,True
25201,0,21.0,0,1.8527490849769839,1.135409413321191,11,1,False
25202,1,9.0,1,1.4589991545274752,1.4589991545274752,5,1,True
25501,0,3.0,0,0.9327305789330237,0.9327305789330237,2,0,True
27201,0,13.0,0,1.2386643638832717,1.2130031053348078,7,1,False
27501,1,9.0,1,0.9490991863842373,0.9311911903335435,5,0,False
27802,1,7.0,1,3.2434631506566225,2.3449131482437053,4,1,True
27803,0,19.0,0,0.9741922721556385,0.9239297240333666,10,0,True
28201,1,7.0,1,2.7247238066736927,1.9033969026457667,4,1,True
28202,0,21.0,0,1.9847154854221367,1.298373688744402,11,1,False
28804,1,15.0,1,1.294690142170639,1.010102717587435,8,1,True
29002,0,21.0,0,0.9900341707734517,0.8351588857998447,11,0,True
29201,0,21.0,0,1.311128912284958,1.0746135280614444,11,1,False
29701,1,3.0,1,2.0669572895454493,1.5121740935916752,2,1,True
31201,1,9.0,1,1.8053741337950429,1.6115450233620252,5,1,True
34002,0,21.0,0,1.1525097191426688,0.8856119439024226,11,0,True
34701,0,19.0,0,1.133363758356008,1.0891253631718805,10,0,True
34702,0,17.0,0,2.6777319484524993,2.30517998546698,9,1,False
35402,1,13.0,1,1.0273002722619706,0.97746840747439,7,0,False
37103,0,21.0,0,0.9408792874652048,0.9125375950962045,11,0,True
37403,1,3.0,1,2.013716940556004,1.4732237597445137,2,1,True
38503,1,15.0,1,1.3060010746588875,1.0189273801632024,8,1,True
38801,1,3.0,1,6.521247077773538,3.9235577341866534,2,1,True
38802,1,13.0,1,1.7563882194277698,1.674034190554416,7,1,True
38803,1,15.0,1,1.095510498924609,0.9305266110791318,8,0,False
39002,1,7.0,1,1.1276924976083609,1.1276924976083609,4,0,False
39003,1,9.0,1,0.9573908976379011,0.9573908976379011,5,0,False
39004,1,19.0,1,0.944812518177062,0.9231618044975077,10,0,False
40101,0,21.0,0,1.8370568738768258,1.7157940592625565,11,1,False
40201,0,19.0,0,0.6526029946278536,0.5457091152924036,10,0,True
40502,1,9.0,1,2.7165918893398864,1.2639866956830104,5,1,True
41402,1,3.0,1,3.8543446824750895,2.3854944772995834,2,1,True
42701,0,19.0,0,1.098771339809687,0.9340930444358332,10,0,True
43701,0,19.0,0,1.1094889284494491,0.8592441548472202,10,0,True
43801,1,5.0,1,1.2239152170937417,1.1215363019021265,3,1,True
43902,1,13.0,1,3.580584781479695,1.3354733265347076,7,1,True
44401,1,7.0,1,1.707969238593903,1.5061857782626251,4,1,True
44601,0,19.0,0,0.8930334983582616,0.8190254834556608,10,0,True
44902,1,19.0,1,4.9424548304949365,1.5388493902512999,10,1,True
45201,1,11.0,1,1.1756755461696746,0.9354857041928332,6,0,False
45501,1,7.0,1,0.9490991863842373,0.9490991863842373,4,0,False
45502,1,11.0,1,1.1654933288738096,1.1654933288738096,6,0,False
45801,1,11.0,1,0.9408792874652048,0.9408792874652048,6,0,False
45901,1,7.0,1,1.1432652788340276,1.080707333715086,4,0,False
45903,1,11.0,1,1.1734918917242352,1.0977775343914378,6,0,False
46701,1,5.0,1,0.8316618805358587,0.8316618805358585,3,0,False
47201,0,21.0,0,1.7357181997264928,1.100159075249199,11,1,False
47601,1,7.0,1,1.4064907368370587,1.3295294471396344,4,1,True
47602,1,11.0,1,1.249485832695874,1.249485832695874,6,1,True
48502,0,21.0,0,1.133363758356008,1.0838833537113748,11,0,True
49202,1,9.0,1,0.9408792874652048,0.9408792874652047,5,0,False
49502,0,19.0,0,1.3848058262390026,1.0008986540415785,10,1,False
49901,0,19.0,0,0.6583043962014293,0.5779602364527708,10,0,True
50101,1,17.0,1,1.2458812015562406,1.0259917243115397,9,1,True
50301,0,19.0,0,1.4708128528841002,0.9925837080238141,10,1,False
51402,1,7.0,1,1.3702625776688087,1.2952836443281863,4,1,True
51403,1,9.0,1,1.4324478739360225,1.2786145981429142,5,1,True
52902,0,5.0,0,0.9246524442264408,0.9246524442264409,3,0,True
52903,0,13.0,0,0.9490991863842373,0.9490991863842373,7,0,True
54802,1,3.0,1,0.9627040678036858,0.9627040678036858,2,0,False
54803,1,9.0,1,1.2363637164355863,1.1822419828699813,5,1,True
55201,0,19.0,0,1.1318393237590922,0.9591993624390295,10,0,True
55801,1,7.0,1,1.1532533029672538,1.0901488265426382,4,0,False
55802,1,11.0,1,0.9741922721556385,0.9468745028482891,6,0,False
56701,1,9.0,1,1.0273002722619706,0.9581634844245579,5,0,False
56801,1,7.0,1,1.757480249850488,1.6613132840086684,4,1,True
57601,1,9.0,1,1.108243786573899,1.097529422607973,5,0,False
57604,0,21.0,0,2.152455709265833,1.1689627506971088,11,1,False
58802,0,19.0,0,1.7014666325707555,1.558545403376675,10,1,False
58901,1,5.0,1,1.961847947798666,1.610800450765172,3,1,True
59002,1,3.0,1,1.3053474218390535,1.0299308490122074,2,1,True
60401,0,7.0,0,0.7744627617806288,0.7744627617806288,4,0,True
60402,1,9.0,1,1.4214184920942272,1.4214184920942272,5,1,True
60404,1,13.0,1,0.9087054566981844,0.9083087817025314,7,0,False
60801,1,5.0,1,1.0986455780473612,1.0986455780473612,3,0,False
61802,0,19.0,0,0.9741922721556385,0.9068180902381929,10,0,True
61903,0,11.0,0,0.8067478485233103,0.8067478485233103,6,0,True
61905,0,3.0,0,0.9741922721556385,0.9741922721556385,2,0,True
61906,0,19.0,0,1.544674568451523,1.2562774112735657,10,1,False
62103,1,9.0,1,22.686650202159594,5.4778704773676585,5,1,True
62301,0,21.0,0,0.7087595098975916,0.6050601514231461,11,0,True
62703,1,5.0,1,2.184621991717234,1.3776688453428372,3,1,True
63201,0,21.0,0,0.9008353972687915,0.7565387644580576,11,0,True
63202,0,19.0,0,0.9741922721556385,0.8231896477004798,10,0,True
64201,0,17.0,0,1.0771269102422416,0.9140544430627189,9,0,True
64801,1,5.0,1,0.83892761237191,0.83892761237191,3,0,False
65001,1,9.0,1,0.9087054566981844,0.9087054566981843,5,0,False
66202,1,9.0,1,1.4091079596501208,1.3954848780412912,5,1,True
66501,1,17.0,1,1.3499303729129297,1.071599966974486,9,1,True
66502,1,19.0,1,5.270816964599956,1.653677312570221,10,1,True
67702,1,3.0,1,12.713207906310108,6.939350617591959,2,1,True
67704,1,5.0,1,3.288253501009941,1.9666609241630422,3,1,True
68801,0,17.0,0,0.9379068933276237,0.8316367876887342,9,0,True
68802,0,19.0,0,2.1607791355601234,1.9485166183562388,10,1,False
68902,1,11.0,1,1.617009554488643,1.617009554488643,6,1,True
69201,0,19.0,0,0.767755343093817,0.6563148313809531,10,0,True
70302,1,5.0,1,1.2389978248258824,1.2389978248258824,3,1,True
70303,1,9.0,1,2.380048869880883,1.2287132039483404,5,1,True
70402,0,15.0,0,0.8838745865798529,0.7803532661268509,8,0,True
70603,0,19.0,0,1.3969040454960535,1.2663209333465515,10,1,False
70801,1,5.0,1,0.728713288793356,0.728713288793356,3,0,False
71301,1,3.0,1,3.0768859099579355,2.4265095668663914,2,1,True
72601,0,3.0,0,0.7611060155995846,0.7611060155995846,2,0,True
73301,0,19.0,0,0.9166442721240777,0.9134112260824654,10,0,True
73303,1,5.0,1,7.210458742914427,3.359377297163828,3,1,True
73901,0,21.0,0,1.9448568976989897,1.3514288933187972,11,1,False
73902,0,19.0,0,0.9798304443293205,0.8885914303613655,10,0,True
74001,0,11.0,0,0.8244110448882795,0.8244110448882797,6,0,True
74402,1,17.0,1,3.1165821422138893,1.198497361777035,9,1,True
74601,1,3.0,1,4.709449136054183,3.0716428551713557,2,1,True
75601,0,21.0,0,1.8270245814867527,1.3954170670087234,11,1,False
75801,0,21.0,0,0.806756611585281,0.7973893211810477,11,0,True
75902,0,21.0,0,1.0891304970853852,0.935770067462542,11,0,True
75904,1,11.0,1,1.1633285864863225,1.1208913981882995,6,0,False
76103,1,9.0,1,1.2471650858691077,1.1715871285269688,5,1,True
76803,1,5.0,1,4.639311499653516,2.701677255057779,3,1,True
78901,0,19.0,0,0.7711247449411801,0.7279896874084485,10,0,True
79201,0,17.0,0,1.5158012141647133,1.1364713461354972,9,1,False
79202,0,19.0,0,1.0573172640548159,0.8832964006506611,10,0,True
79203,1,7.0,1,2.2485356608866267,1.9828884255151595,4,1,True
79204,1,15.0,1,1.3060010746588875,1.0189273801632024,8,1,True
80102,1,5.0,1,0.8904418298290275,0.8159575295229956,3,0,False
80301,0,19.0,0,0.7383486341757486,0.6110333283140503,10,0,True
80304,0,21.0,0,1.096844933454664,0.9563085102157589,11,0,True
80306,1,19.0,1,5.443571067240126,1.6611955739293585,10,1,True
81001,1,5.0,1,2.5576424192075926,2.005373411894659,3,1,True
81602,0,21.0,0,1.0366074692105063,0.9156391066260117,11,0,True
82001,0,21.0,0,2.586615763716044,1.329416989200045,11,1,False
82801,1,7.0,1,1.360922818760917,1.360922818760917,4,1,True
83001,0,21.0,0,0.8685802692943893,0.70251885553748,11,0,True
83101,1,3.0,1,3.1563443611257633,2.30916342465798,2,1,True
83102,1,5.0,1,1.3491362234637099,1.34913622346371,3,1,True
83401,0,21.0,0,0.727540676588291,0.6116535108997886,11,0,True
83402,1,7.0,1,2.39479268819181,2.2003469047660182,4,1,True
83601,1,9.0,1,0.6669699085410328,0.6354801892882577,5,0,False
83901,1,11.0,1,0.8852991696462327,0.8852991696462326,6,0,False
84102,1,5.0,1,1.26739661255216,1.26739661255216,3,1,True
85403,1,9.0,1,1.1756755461696746,1.1558949540205568,5,0,False
85404,1,15.0,1,1.1755054665630915,0.9560090720185221,8,0,False
85501,0,21.0,0,1.0796978237419554,0.9262792441550609,11,0,True
85603,1,3.0,1,15.06804504295765,8.000387810945337,2,1,True
86201,0,21.0,0,0.7545142761853613,0.6110355500028298,11,0,True
86202,0,15.0,0,0.83892761237191,0.7561834937423916,8,0,True
86602,1,5.0,1,2.057657105286329,1.6020776294030687,3,1,True
87602,0,21.0,0,1.5686054907050073,1.2644405635331921,11,1,False
87604,0,21.0,0,1.349292116309459,0.9966657768562797,11,1,False
87901,0,21.0,0,1.756766144341503,1.3141248917734785,11,1,False
88001,0,21.0,0,0.8067478485233103,0.7307871992660787,11,0,True
88601,0,21.0,0,1.3499303729129297,1.062690405753234,11,1,False
88602,1,17.0,1,1.3657169167274845,1.0733540273983253,9,1,True
88702,1,7.0,1,1.707969238593903,1.5061857782626251,4,1,True
89302,1,3.0,1,13.025093109419961,6.978911844176492,2,1,True
89501,0,3.0,0,1.1532533029672538,1.0270443501180226,2,0,True
90002,1,9.0,1,1.0796978237419554,1.0692594386168266,5,0,False
90603,1,15.0,1,4.320499252995057,1.649178771036961,8,1,True
91202,1,5.0,1,0.9087054566981844,0.9087054566981844,3,0,False
91402,1,11.0,1,0.9087054566981844,0.9087054566981844,6,0,False
92301,1,9.0,1,0.8964922747791386,0.8795768876978534,5,0,False
93004,1,11.0,1,1.1198670493950498,0.9557120733638221,6,0,False
93201,0,19.0,0,0.767755343093817,0.6646056170850546,10,0,True
93202,0,19.0,0,0.7192884644552969,0.6070686739185178,10,0,True
93602,1,5.0,1,5.722465943735389,4.268618235410565,3,1,True
93903,1,3.0,1,3.330191461596848,2.1108939655797725,2,1,True
95301,1,3.0,1,1.6563341203325237,1.3068625089852124,2,1,True
96203,1,5.0,1,1.7659304403738287,1.4510204101891508,3,1,True
96701,1,9.0,1,1.1532533029672538,1.1027697218275612,5,0,False
96702,1,11.0,1,1.2045176613313737,1.160577932353679,6,1,True
97502,0,15.0,0,1.321170599090526,1.279727773590184,8,1,False
97902,1,7.0,1,1.1276924976083609,1.1276924976083609,4,0,False
98101,1,3.0,1,9.084677609686446,5.029434940921043,2,1,True
99201,0,19.0,0,0.8930334983582616,0.7840413262460686,10,0,True
99203,0,19.0,0,0.6669699085410328,0.5892815967627084,10,0,True
99802,0,21.0,0,1.0337458066498286,0.9619943899717832,11,0,True
99902,1,5.0,1,1.217301780259684,1.217301780259684,3,1,True
100501,0,21.0,0,0.8610577235804205,0.798938486491828,11,0,True
101501,0,19.0,0,0.9246524442264408,0.8224481973747606,10,0,True
101502,1,5.0,1,1.8310558399897134,1.5426222428623293,3,1,True
101503,1,9.0,1,1.2045176613313737,1.1401448586690972,5,1,True
101504,0,21.0,0,1.6658245899039361,1.1488990654359432,11,1,False
101701,1,7.0,1,1.3491362234637099,1.3491362234637099,4,1,True
101702,1,11.0,1,1.1963076257217962,1.1627614185980448,6,1,True
101801,0,7.0,0,0.9246524442264408,0.9246524442264408,4,0,True
101902,1,19.0,1,5.530527798112591,1.6536231186599728,10,1,True
102503,0,19.0,0,0.7224020942830572,0.6103236158694669,10,0,True
102504,0,21.0,0,2.0425826066335087,1.5478778003520581,11,1,False
103001,1,7.0,1,0.6440866177297739,0.6440866177297739,4,0,False
103003,1,5.0,1,2.924941645756922,2.277339390483378,3,1,True
103004,1,13.0,1,0.9657550486075613,0.9657550486075613,7,0,False
103302,1,5.0,1,9.071660200206418,4.094904718894829,3,1,True
103501,0,19.0,0,1.3919545618137472,1.0848854719688905,10,1,False
103802,1,15.0,1,1.3047749069127783,1.1573480872921653,8,1,True
104001,1,5.0,1,1.249485832695874,1.249485832695874,3,1,True
104802,0,19.0,0,0.7744627617806288,0.6300398014596696,10,0,True
104901,1,11.0,1,1.7617804587910335,1.6041130233614223,6,1,True
104902,1,17.0,1,1.2555042804470167,1.006666482293114,9,1,True
105001,1,17.0,1,3.1410127986780023,1.2443159861933177,9,1,True
105701,0,19.0,0,0.6757092037437312,0.5473912471872707,10,0,True
105704,0,19.0,0,0.6469509713967146,0.5157187669503475,10,0,True
106502,0,19.0,0,1.1432652788340276,1.0664814118706976,10,0,True
107101,0,21.0,0,0.7415015708955532,0.5985144011330029,11,0,True
108001,1,3.0,1,3.897674540685709,2.635243463584459,2,1,True
108002,1,7.0,1,1.2256558948274183,1.158589645530039,4,1,True
108704,0,21.0,0,4.672831772665623,1.7878217454040362,11,1,False
109002,0,13.0,0,0.767755343093817,0.6775952297853868,7,0,True
110101,0,13.0,0,0.9408792874652048,0.9408792874652049,7,0,True
110301,0,19.0,0,1.1654933288738096,0.9283899363901986,10,0,True
111001,1,13.0,1,0.9087054566981844,0.8755803212871889,7,0,False
111101,0,11.0,0,0.7893240514790029,0.737422932328366,6,0,True
111202,1,5.0,1,1.3702625776688087,1.2702906665479787,3,1,True
111702,1,11.0,1,0.983578298732263,0.928416364423282,6,0,False
112305,1,9.0,1,1.1734918917242352,1.1221223678042036,5,0,False
113101,1,5.0,1,1.1532533029672538,1.0691140010677664,3,0,False
114101,1,19.0,1,1.2832965400973617,1.1425030697119438,10,1,True
115802,1,5.0,1,1.2256558948274183,1.1362342290975793,3,1,True
116002,1,7.0,1,1.1633285864863225,1.099672804039288,4,0,False
116005,1,17.0,1,1.3722012834927135,1.0902479232881213,9,1,True
116102,0,21.0,0,0.8724429812509813,0.8407573667106196,11,0,True
116301,0,11.0,0,0.9008353972687915,0.8299500060147641,6,0,True
116401,0,19.0,0,0.9573908976379011,0.7992616054481093,10,0,True
116402,1,3.0,1,2.5354913495843965,1.714262423971329,2,1,True
116501,0,21.0,0,0.8930334983582616,0.6981286356445376,11,0,True
117001,0,15.0,0,1.1333460279346401,0.9986993358830276,8,0,True
117002,1,5.0,1,0.9166442721240777,0.9166442721240777,3,0,False
117004,1,11.0,1,0.9573908976379011,0.9573908976379011,6,0,False
117701,1,7.0,1,1.2045176613313737,1.1386080678648316,4,1,True
118401,1,3.0,1,2.0490559150276306,1.499077550705934,2,1,True
118902,0,19.0,0,1.2606252041574335,1.122581148777331,10,1,False
119501,0,21.0,0,2.3578954122545155,1.2255993595716284,11,1,False
120002,1,9.0,1,0.9166442721240777,0.9077822685849641,5,0,False
120201,0,21.0,0,0.6583043962014293,0.5929647395762166,11,0,True
120302,1,7.0,1,0.9741922721556385,0.9741922721556385,4,0,False
120701,0,21.0,0,0.8172710372326707,0.6531923968414668,11,0,True
121006,1,7.0,1,1.7126261633906776,1.3307785093351607,4,1,True
121302,0,21.0,0,1.5781947409338857,1.3304598870802897,11,1,False
121603,0,19.0,0,0.699633516521562,0.5880581570264134,10,0,True
121604,1,5.0,1,2.015527989006031,1.797326265590993,3,1,True
122002,0,19.0,0,5.810256979521909,4.116321098989344,10,1,False
122401,0,19.0,0,0.6727968252382998,0.6240540333545478,10,0,True
122402,1,3.0,1,0.669857063700715,0.669857063700715,2,0,False
122501,0,19.0,0,0.849970737131506,0.7477933909984898,10,0,True
122602,0,17.0,0,1.1143292141149688,0.9388423026948798,9,0,True
122701,0,21.0,0,1.1398176251232088,0.7473217215261233,11,0,True
122803,1,11.0,1,0.9657550486075613,0.9657550486075613,6,0,False
123001,0,21.0,0,0.9193176336272808,0.8590925009043513,11,0,True
123101,1,13.0,1,3.1672306695070684,1.224606150445688,7,1,True
123301,0,19.0,0,0.8137959213806414,0.7144744678289221,10,0,True
123401,1,9.0,1,1.2256558948274183,1.1601534056714078,5,1,True
123602,0,21.0,0,2.67462537114506,1.5341929910171581,11,1,False
123603,1,17.0,1,2.8544016432862547,1.1307746333451567,9,1,True
124201,1,5.0,1,4.0103055223366075,2.398510687303247,3,1,True
125001,0,21.0,0,0.9741922721556385,0.7877967343846887,11,0,True
125101,0,11.0,0,0.7578255677561843,0.6888650482299458,6,0,True
125803,1,5.0,1,4.096324951870913,3.055614058632488,3,1,True
125901,0,21.0,0,0.8536003286602463,0.8234629851688243,11,0,True
126301,1,15.0,1,1.4643642836391089,1.1935786022042965,8,1,True
127001,0,19.0,0,1.3156488606636219,1.0376107329638098,10,1,False
127901,0,21.0,0,2.1412875447699364,1.1903775450218976,11,1,False
127902,1,5.0,1,2.648507314663992,2.231306224941346,3,1,True
128601,1,5.0,1,2.7247238066736927,1.6296212679697912,3,1,True
128602,1,11.0,1,1.3382339809475934,1.2184710906692238,6,1,True
129001,0,21.0,0,0.6757092037437312,0.5751571619245658,11,0,True
129301,0,5.0,0,0.8685802692943893,0.8685802692943893,3,0,True
129501,1,7.0,1,1.0796978237419554,0.9024589664447891,4,0,False
129703,0,1.0,0,1.289638316753169,1.289638316753169,1,1,False
130401,1,3.0,1,19.458701993818117,10.19979064064166,2,1,True
130501,0,21.0,0,0.9408792874652048,0.8417304633411646,11,0,True
130803,0,5.0,0,0.9657550486075613,0.9657550486075613,3,0,True
131301,0,19.0,0,0.8838745865798529,0.7847611750726038,10,0,True
132402,0,19.0,0,1.1532533029672538,1.0581315557979782,10,0,True
132403,1,5.0,1,3.0443023817334742,1.7728325642418727,3,1,True
132602,0,21.0,0,5.351011904351551,1.806957940936715,11,1,False
132701,1,5.0,1,1.6785128041070088,1.41410825928675,3,1,True
132802,1,9.0,1,0.8852991696462327,0.8852991696462327,5,0,False
135201,0,19.0,0,0.7812287791679835,0.6905406538705792,10,0,True
135903,1,15.0,1,1.6147750347716399,1.228001467004656,8,1,True
136102,1,13.0,1,0.9408792874652048,0.9324014951928661,7,0,False
136201,1,11.0,1,1.1756755461696746,1.1756755461696746,6,0,False
136202,1,13.0,1,1.2471650858691077,1.2076245476651877,7,1,True
137603,0,15.0,0,1.658093621166079,1.4402311673396155,8,1,False
138101,0,21.0,0,2.1682145640366164,1.053852849584854,11,1,False
138501,1,7.0,1,1.0427770247368242,1.0427770247368242,4,0,False
138802,0,15.0,0,0.6965359126579544,0.6965359126579544,8,0,True
139103,0,19.0,0,0.849970737131506,0.7872498942149642,10,0,True
139802,0,19.0,0,0.9246524442264408,0.9225148026485662,10,0,True
140107,0,5.0,0,1.0231437557057022,1.0231437557057022,3,0,True
140601,1,21.0,1,0.8316134305152096,0.6454348884659389,11,0,False
141402,0,19.0,0,0.5418678544279704,0.47564662427307625,10,0,True
141403,1,5.0,1,0.7192884644552969,0.7192884644552969,3,0,False
141405,0,15.0,0,0.728713288793356,0.728713288793356,8,0,True
141503,1,7.0,1,1.1338464895505354,0.8299965889826508,4,0,False
141504,0,17.0,0,0.6905436268683998,0.614867088633661,9,0,True
142301,0,21.0,0,0.7068832799521797,0.577382766498333,11,0,True
142303,0,19.0,0,0.699633516521562,0.6074150312922765,10,0,True
142304,0,17.0,0,0.803175999557344,0.7214798695570475,9,0,True
142601,0,21.0,0,2.171980545636697,1.2187917682554952,11,1,False
143501,0,21.0,0,0.9008353972687915,0.802547031965901,11,0,True
143502,1,7.0,1,0.9087054566981844,0.9087054566981844,4,0,False
143601,0,21.0,0,0.9380326485569188,0.7791847670670781,11,0,True
143701,1,13.0,1,1.0247928055720306,1.003562298011495,7,0,False
143703,1,5.0,1,0.9573908976379011,0.9573908976379011,3,0,False
143803,1,7.0,1,1.360922818760917,1.360922818760917,4,1,True
143901,1,9.0,1,1.1859467194007576,1.1635697861233498,5,1,True
144004,1,3.0,1,2.031309579615481,1.486094433540343,2,1,True
144303,1,19.0,1,4.631792922838336,1.4899948155254346,10,1,True
144602,1,7.0,1,1.1453926870641555,1.1453926870641555,4,0,False
144603,1,11.0,1,26.349009015074753,9.546598129734354,6,1,True
145101,0,21.0,0,1.7031627983624382,1.017516732691508,11,1,False
145103,0,21.0,0,1.6483513371336922,1.0665563191031455,11,1,False
145901,0,21.0,0,0.8316618805358587,0.6867374743745843,11,0,True
146001,0,19.0,0,0.9741922721556385,0.9684978859671156,10,0,True
148201,1,3.0,1,1.2336275412245028,0.9733432185495596,2,1,True
148401,0,19.0,0,0.8991334879022108,0.8245649513967359,10,0,True
148902,1,3.0,1,3.5759394541883376,2.2666651759131193,2,1,True
148904,0,21.0,0,1.707969238593903,1.569556764961302,11,1,False
149001,0,21.0,0,0.8462075202799433,0.6712803134201721,11,0,True
149301,0,19.0,0,0.9436382468001657,0.9349121125064521,10,0,True
149403,1,3.0,1,1.8917126267258877,1.3839661037622257,2,1,True
149902,1,5.0,1,1.2363637164355863,1.146160827159578,3,1,True
150202,1,9.0,1,3.3914968016147546,1.660648653900126,5,1,True
151902,0,21.0,0,1.986652184702289,1.8709536694317586,11,1,False
152505,1,11.0,1,1.2045176613313737,1.160577932353679,6,1,True
153204,1,15.0,1,1.0273002722619706,0.9840897798635877,8,0,False
153302,1,3.0,1,4.628227778660331,3.018667869155226,2,1,True
153401,0,3.0,0,0.8724429812509813,0.8724429812509813,2,0,True
154102,1,5.0,1,3.8215321791352856,2.888736037992091,3,1,True
154402,0,19.0,0,1.2772937066077168,1.1196810245551307,10,1,False
154403,0,21.0,0,1.0796978237419554,1.0231777548256322,11,0,True
154602,0,1.0,0,0.9741922721556385,0.9741922721556385,1,0,True
154603,0,21.0,0,1.1432652788340276,1.011721092790087,11,0,True
154901,0,21.0,0,0.912224931625976,0.7875797819424516,11,0,True
154903,1,5.0,1,1.4287562319769593,1.3092426324562358,3,1,True
155301,0,19.0,0,0.9008353972687915,0.7417572344804465,10,0,True
157101,0,21.0,0,1.0231437557057022,0.848132479388066,11,0,True
157901,1,11.0,1,1.1963076257217962,1.1627614185980448,6,1,True
158402,1,3.0,1,4.668661833295903,3.0450401626950647,2,1,True
159201,0,19.0,0,0.9246524442264408,0.8134974023889866,10,0,True
159202,0,21.0,0,1.3002476392401858,1.054459444925538,11,1,False
159302,1,5.0,1,2.1195691984800393,1.7856880819536103,3,1,True
159601,0,13.0,0,0.8686308730129422,0.8506355531623877,7,0,True
159603,0,15.0,0,0.7447991440560129,0.6778477671239578,8,0,True
159605,0,21.0,0,2.4986262233548935,1.945037129221384,11,1,False
159607,1,5.0,1,2.209756365633699,1.8616686867137358,3,1,True
159802,1,13.0,1,1.0636730978712357,1.012018934336681,7,0,False
160001,1,19.0,1,1.2884526568557528,0.936093623454347,10,1,True
160004,0,19.0,0,0.7997608171749092,0.6863570001062866,10,0,True
160501,0,21.0,0,0.8658362797785558,0.757147734688719,11,0,True
160801,0,17.0,0,0.7949386622838771,0.6906844365770319,9,0,True
160902,0,15.0,0,1.0961661552280644,0.8934665246610283,8,0,True
161001,0,19.0,0,0.9008353972687915,0.7800398114674526,10,0,True
161601,0,21.0,0,0.728713288793356,0.6489284084950344,11,0,True
161701,0,13.0,0,0.65550522195142,0.6000883495597729,7,0,True
162301,0,21.0,0,1.0427770247368242,0.8457820852257918,11,0,True
162502,0,21.0,0,1.1548265746481647,0.9731116690630494,11,0,True
162902,1,7.0,1,2.2879954989196105,2.0176863864589736,4,1,True
164802,0,21.0,0,2.073065512557859,1.400167204205677,11,1,False
165003,0,21.0,0,2.0467197780977284,1.2771095336164255,11,1,False
165005,1,15.0,1,1.2277589769946877,0.9985055396559521,8,1,True
165701,1,9.0,1,1.133363758356008,1.083750840614053,5,0,False
166101,1,3.0,1,1.8590872680261865,1.3600975785298184,2,1,True
166202,1,17.0,1,1.0583024446369127,0.9381722408840917,9,0,False
166601,1,5.0,1,1.217301780259684,1.0851526901102189,3,1,True
167403,0,21.0,0,3.3998167415496123,1.6878530332875314,11,1,False
167502,1,9.0,1,2.4880603171144373,1.2182803812379206,5,1,True
167503,1,13.0,1,3.643420918792653,1.358909717639864,7,1,True
167504,1,17.0,1,1.1837484098885935,0.9739536707821325,9,0,False
169004,0,19.0,0,0.8611078890334504,0.8361326350808239,10,0,True
170401,0,11.0,0,0.8172710372326707,0.7635322953277487,6,0,True
170403,1,5.0,1,1.337451708774444,1.337451708774444,3,1,True
170501,0,11.0,0,0.9741922721556385,0.9741922721556385,6,0,True
172601,0,15.0,0,0.9573908976379011,0.8906426421134991,8,0,True
172902,0,19.0,0,0.9741922721556385,0.8588898125682606,10,0,True
173001,0,17.0,0,1.3341380801710152,1.2844648611685727,9,1,False
173301,1,3.0,1,2.4994006160246385,1.7367964440901384,2,1,True
173701,1,19.0,1,4.53548494221625,1.5072784802329224,10,1,True
174702,0,5.0,0,0.9490991863842373,0.9490991863842373,3,0,True
175401,0,21.0,0,1.3053352297856093,0.9969322329262472,11,1,False
176002,0,19.0,0,0.8244590752960176,0.6851870370825582,10,0,True
176003,1,15.0,1,1.3522416438641167,1.0550037532625471,8,1,True
176901,0,21.0,0,0.8685802692943893,0.7294502922031095,11,0,True
177001,0,5.0,0,0.9166442721240777,0.9166442721240777,3,0,True
177801,0,21.0,0,0.8611078890334504,0.7226879205463572,11,0,True
178503,1,7.0,1,2.123513330293236,1.9510941412920588,4,1,True
178601,0,21.0,0,0.8838745865798529,0.7383615307132106,11,0,True
178604,0,21.0,0,1.424620177072029,1.2463934795840894,11,1,False
179401,1,5.0,1,1.1700755247580488,1.1700755247580488,3,0,False
179502,0,21.0,0,0.7567147911298305,0.6827185205677678,11,0,True
179701,1,9.0,1,0.728713288793356,0.7230056021724017,5,0,False
180301,1,11.0,1,1.2150408108514439,1.170717206773576,6,1,True
180402,1,9.0,1,0.9573908976379011,0.9573908976379011,5,0,False
180801,0,21.0,0,0.9008353972687915,0.7487750823746958,11,0,True
181401,0,9.0,0,0.9657550486075613,0.9564182481507768,5,0,True
181501,0,17.0,0,0.9327305789330237,0.8178961091170633,9,0,True
181602,1,7.0,1,0.9573908976379011,0.9573908976379011,4,0,False
181801,0,21.0,0,0.681612470429936,0.6711379332598473,11,0,True
182602,0,19.0,0,1.7342342025337252,1.1694633207726992,10,1,False
182901,0,19.0,0,0.8573964224839586,0.7484708240641236,10,0,True
182902,1,15.0,1,0.9741922721556385,0.878106889166157,8,0,False
183303,0,21.0,0,3.854918617381737,3.168879814551717,11,1,False
183801,0,17.0,0,0.747979626095903,0.6498839610302668,9,0,True
184402,0,21.0,0,0.9087054566981844,0.7391522123497206,11,0,True
184403,0,19.0,0,1.2604018422014007,1.0774531626223691,10,1,False
184701,0,19.0,0,0.8930334983582616,0.8349731928670205,10,0,True
184902,0,21.0,0,0.9657550486075613,0.9657550486075613,11,0,True
185303,1,11.0,1,1.3499253298803973,1.2291161429458526,6,1,True
185601,0,13.0,0,0.8852991696462327,0.8852991696462327,7,0,True
185801,0,21.0,0,0.9845982695162432,0.8478923705907881,11,0,True
185802,1,3.0,1,5.310463940369392,3.1950808820556738,2,1,True
186801,0,19.0,0,1.4208480884764072,0.9768237515393967,10,1,False
187001,1,7.0,1,1.192458818016527,1.192458818016527,4,1,True
187602,0,21.0,0,0.7778616000742735,0.6735803829472707,11,0,True
187603,0,21.0,0,0.9297297616165149,0.7708138564989588,11,0,True
188501,1,11.0,1,1.3037639681729931,1.187085910903344,6,1,True
188502,1,13.0,1,3.4281948354593093,1.2786354856337065,7,1,True
189602,0,9.0,0,1.1654933288738096,0.9460984752892505,5,0,True
190002,0,21.0,0,0.8173186516616551,0.7701174244365544,11,0,True
190003,1,5.0,1,0.9573908976379011,0.9573908976379011,3,0,False
191202,0,21.0,0,1.2325903730683823,1.0276477914089093,11,1,False
191501,1,19.0,1,1.8039418239902074,1.0627519866701476,10,1,True
192601,0,21.0,0,2.127363419865021,1.7400000544856171,11,1,False
192602,1,7.0,1,2.101212166029326,1.8529700711654695,4,1,True
192701,0,19.0,0,0.7915373634156946,0.711379100482662,10,0,True
192703,1,9.0,1,1.4436767266708395,1.3804798808583438,5,1,True
192801,0,21.0,0,0.6707680089656056,0.5607359942225938,11,0,True
192802,1,7.0,1,1.4588211228422334,1.263043143067608,4,1,True
192803,0,17.0,0,1.5356436398263307,1.2843336395493576,9,1,False
193602,1,13.0,1,1.3382339809475934,1.2349958989510135,7,1,True
193701,1,7.0,1,1.3234057737539624,1.250990781977929,4,1,True
193801,1,5.0,1,1.6130033020934207,1.4383790337574087,3,1,True
195302,1,17.0,1,3.1410127986780023,1.2443159861933177,9,1,True
195401,0,19.0,0,1.360922818760917,1.1609435489260338,10,1,False
196201,0,19.0,0,0.8462075202799433,0.8462075202799433,10,0,True
196202,1,7.0,1,0.8462075202799433,0.8462075202799433,4,0,False
197401,0,3.0,0,0.9246524442264408,0.9246524442264408,2,0,True
198601,0,15.0,0,1.4142819732438658,1.1939352879678307,8,1,False
199402,0,21.0,0,1.5545092556451567,0.9785820442197809,11,1,False
199701,0,19.0,0,3.65064071926278,3.345848311284881,10,1,False
199703,1,9.0,1,1.2256558948274183,1.172002895389515,5,1,True
200201,0,19.0,0,1.1741410736416387,0.9249273896080534,10,0,True
200202,0,19.0,0,0.7778616000742735,0.6340489873097759,10,0,True
200206,1,7.0,1,1.4463631458307882,1.4463631458307882,4,1,True
200208,1,11.0,1,0.9641261195245686,0.9219323046873839,6,0,False
200301,0,19.0,0,1.2940736944035502,1.252848711493218,10,1,False
200801,0,7.0,0,1.051887143168189,1.051887143168189,4,0,True
200802,1,3.0,1,1.8917126267258877,1.3839661037622257,2,1,True
200901,1,11.0,1,0.8852991696462327,0.8852991696462326,6,0,False
200902,1,15.0,1,0.9166442721240777,0.9166442721240777,8,0,False
201202,0,19.0,0,0.9327305789330237,0.8740675201788504,10,0,True
201203,0,19.0,0,1.8166356777069583,1.2145950585428298,10,1,False
203501,1,9.0,1,1.0247928055720306,1.014885235377114,5,0,False
204601,1,15.0,1,1.0337458066498286,1.032857561186945,8,0,False
204901,1,11.0,1,1.2363637164355863,1.191262271797582,6,1,True
205402,0,19.0,0,1.3957141135463351,1.3304014699844644,10,1,False
205701,1,3.0,1,5.7851244288150925,3.6669916392909974,2,1,True
205801,1,3.0,1,10.15651604277715,5.622823269931268,2,1,True
206603,1,3.0,1,6.081729051928481,3.7640460988796347,2,1,True
206604,1,5.0,1,3.316981002782538,1.9838424629852887,3,1,True
207001,0,19.0,0,1.1859467194007576,1.1859467194007576,10,1,False
207002,1,7.0,1,2.6028299216292754,2.295325537842759,4,1,True
207201,1,5.0,1,1.0390822771377606,0.9521643968447098,3,0,False
207403,0,17.0,0,1.1531992851194917,0.9453721531401911,9,0,True
207601,0,21.0,0,0.7513060081784191,0.6606564255625546,11,0,True
208802,0,7.0,0,1.645386660632803,1.645386660632803,4,1,False
209402,0,19.0,0,1.6010521439072742,1.2697821316396853,10,1,False
209801,0,19.0,0,0.8388787390724434,0.7053411448878845,10,0,True
209803,1,7.0,1,1.2150408108514439,1.1485554047346422,4,1,True
209804,1,9.0,1,1.2045176613313737,1.1401448586690972,5,1,True
209903,1,19.0,1,4.815147884497041,1.4992119584603452,10,1,True
210204,0,21.0,0,0.8536500596434556,0.8263039715718272,11,0,True
210205,1,5.0,1,2.015527989006031,1.797326265590993,3,1,True
210401,0,19.0,0,0.7997608171749092,0.7043188382134367,10,0,True
211201,0,19.0,0,0.8536003286602463,0.7478731632506549,10,0,True
211203,1,7.0,1,1.1654933288738096,1.1654933288738096,4,0,False
212101,0,21.0,0,0.657142563691589,0.65342837082126,11,0,True
212102,0,19.0,0,0.7224020942830572,0.6910221973327134,10,0,True
212302,1,11.0,1,1.3037639681729931,1.187085910903344,6,1,True
212802,1,5.0,1,0.9246524442264408,0.9246524442264409,3,0,False
213002,1,5.0,1,1.3491362234637099,1.34913622346371,3,1,True
215301,0,15.0,0,1.2921252788777138,1.0763422678273613,8,1,False
215401,0,21.0,0,1.0482818487048922,0.9939044275397307,11,0,True
215601,1,13.0,1,1.1532533029672538,1.1171936021531879,7,0,False
217402,1,7.0,1,1.697382346869324,1.6045038578019355,4,1,True
217403,1,15.0,1,1.261341724498439,0.9840846564153202,8,1,True
217901,0,19.0,0,0.7447991440560129,0.7413753454658607,10,0,True
218601,0,21.0,0,2.249644346222324,1.8299522603487488,11,1,False
219002,0,19.0,0,1.46373715227492,1.0041680761622622,10,1,False
219301,0,19.0,0,0.9327305789330237,0.8086127185216119,10,0,True
220001,0,21.0,0,1.165324722282054,0.9880437245955896,11,0,True
220401,1,7.0,1,1.4091079596501208,1.4091079596501208,4,1,True
220402,1,9.0,1,3.576383930828201,1.6640341616862464,5,1,True
220601,0,21.0,0,0.8067478485233103,0.6178657248691284,11,0,True
220603,0,11.0,0,0.8610577235804205,0.7630174266305173,6,0,True
221002,1,5.0,1,1.8668910391104911,1.4535484860951964,3,1,True
221401,0,21.0,0,0.8362285816299536,0.7316322308142532,11,0,True
221503,0,21.0,0,2.251651586667331,1.1596631057405253,11,1,False
222401,0,21.0,0,2.26129390178959,1.3900796965048448,11,1,False
222501,1,9.0,1,17.203622729548943,4.080908109100849,5,1,True
223701,1,5.0,1,1.4214184920942272,1.421418492094227,3,1,True
223702,1,3.0,1,4.750592773052486,3.098477959441637,2,1,True
223703,1,11.0,1,0.8930334983582616,0.8679915391997222,6,0,False
224001,0,7.0,0,0.6640556075064509,0.6640556075064509,4,0,True
224601,1,9.0,1,1.4436767266708395,1.3804798808583438,5,1,True
224702,1,19.0,1,2.5271018964465046,1.1582013531556565,10,1,True
224901,0,21.0,0,0.8462075202799433,0.7519445266978738,11,0,True
224902,1,13.0,1,1.1453926870641555,1.1448302996482937,7,0,False
225003,0,3.0,0,1.2240573609922663,1.2240573609922663,2,1,False
225201,1,13.0,1,3.643420918792653,1.358909717639864,7,1,True
226205,0,21.0,0,0.6757092037437312,0.6323323410415109,11,0,True
226705,0,19.0,0,0.6875673104221952,0.6133291786442211,10,0,True
226708,1,17.0,1,3.312244816026146,1.273740428592418,9,1,True
227002,0,21.0,0,1.1453926870641555,1.067176553394103,11,0,True
227402,0,19.0,0,1.851926039117515,1.2613031817788456,10,1,False
227501,0,19.0,0,0.9490991863842373,0.7934977843953026,10,0,True
228102,0,17.0,0,0.6846437074178898,0.6096137401780977,9,0,True
228501,0,19.0,0,1.4118253092197794,1.3047211970012662,10,1,False
228801,0,21.0,0,1.6922056549078506,1.0574649680880723,11,1,False
228802,0,21.0,0,1.738870501018136,1.046636485708909,11,1,False
229001,1,9.0,1,1.3848058262390026,1.3848058262390026,5,1,True
231502,1,7.0,1,1.4262590048762223,1.0440479553121138,4,1,True
233301,1,5.0,1,5.912221917561425,2.7545243366335916,3,1,True
233901,0,21.0,0,1.85568705120892,1.1808890089660395,11,1,False
234003,1,9.0,1,0.9573908976379011,0.9481349607590049,5,0,False
234702,0,19.0,0,0.699633516521562,0.6142452564077341,10,0,True
235503,1,5.0,1,2.1307584125200356,1.7951147362812812,3,1,True
235903,1,5.0,1,2.307984345500545,1.9444234904202577,3,1,True
237404,1,9.0,1,2.598659450366365,1.2724353200454368,5,1,True
239501,0,19.0,0,0.8173186516616551,0.7863911133108907,10,0,True
239505,1,11.0,1,1.3499253298803973,1.2291161429458526,6,1,True
239601,1,7.0,1,0.9490991863842373,0.9490991863842373,4,0,False
239603,1,3.0,1,1.8269181447475307,1.3365628325137369,2,1,True
239604,1,3.0,1,5.1632799265447025,3.1956082717580854,2,1,True
239802,1,9.0,1,0.9543107421790908,0.9092547704383834,5,0,False
239902,1,7.0,1,1.3813748745523617,1.269213800647527,4,1,True
240001,1,7.0,1,2.7061519914175096,1.9564555202472866,4,1,True
240201,0,21.0,0,0.9327305789330237,0.7386762836431401,11,0,True
240401,0,19.0,0,0.9246524442264408,0.8553499001222473,10,0,True
240403,0,21.0,0,1.0672925180406525,0.905395489259148,11,0,True
240404,0,21.0,0,2.11398323117267,1.158318463443104,11,1,False
240701,0,19.0,0,0.8173186516616551,0.7069005609060847,10,0,True
240803,1,5.0,1,0.9246524442264408,0.9246524442264409,3,0,False
240804,0,21.0,0,1.165324722282054,1.0055570453741167,11,0,True
241001,1,5.0,1,1.79947659653864,1.5160174598205056,3,1,True
241002,1,7.0,1,1.3466303898419525,1.2729445781735116,4,1,True
241602,1,7.0,1,2.5861655852678473,1.806604967692935,4,1,True
242001,0,19.0,0,0.9573908976379011,0.7941191015988517,10,0,True
242002,1,11.0,1,1.249485832695874,1.249485832695874,6,1,True
242601,1,7.0,1,1.3466303898419525,1.2729445781735116,4,1,True
243301,1,9.0,1,1.2471650858691077,1.1925705231264139,5,1,True
243402,0,7.0,0,0.8280773294135123,0.8280773294135123,4,0,True
244703,0,19.0,0,0.6498280632912531,0.6437941042768489,10,0,True
245001,0,21.0,0,0.7880539071976379,0.665607471045978,11,0,True
245401,1,7.0,1,0.9327305789330237,0.9327305789330237,4,0,False
245801,0,19.0,0,0.9327305789330237,0.8649968191892246,10,0,True
245902,0,21.0,0,1.8752197494282028,1.4105597238244891,11,1,False
245903,1,3.0,1,20.724402137400034,11.003634099612421,2,1,True
247101,0,5.0,0,1.085271510750134,0.9944899611728696,3,0,True
247801,0,19.0,0,1.0650296168749767,0.9240223419463106,10,0,True
248001,1,21.0,1,0.7997608171749092,0.6570074912258563,11,0,False
248002,0,19.0,0,0.8930334983582616,0.7458805802063182,10,0,True
248401,0,9.0,0,0.9408792874652048,0.9408792874652047,5,0,True
248402,1,13.0,1,0.9327305789330237,0.9327305789330237,7,0,False
248403,1,13.0,1,41.24908837846927,6.706240499539241,7,1,True
248803,0,13.0,0,0.9657550486075613,0.9457476190573086,7,0,True
249205,1,15.0,1,1.272361311831122,0.9926820147707127,8,1,True
249902,0,21.0,0,0.9573908976379011,0.9296264538998765,11,0,True
251501,0,7.0,0,1.5443537654567994,1.4189595802768056,4,1,False
252301,0,19.0,0,0.8573964224839586,0.6988792522308217,10,0,True
252302,0,19.0,0,0.9408792874652048,0.8295196522881504,10,0,True
253803,1,11.0,1,1.3037639681729931,1.187085910903344,6,1,True
254902,1,7.0,1,1.3258683905997695,1.1082191619832826,4,1,True
255802,0,21.0,0,1.7344267445179948,1.0393090192317542,11,1,False
255803,1,17.0,1,3.1989809727366776,1.2301842471176931,9,1,True
255901,1,7.0,1,0.8762195807985638,0.8762195807985638,4,0,False
255902,1,5.0,1,1.1438574284476886,1.1438574284476886,3,0,False
256001,0,21.0,0,1.4767574535369832,1.2391825904311573,11,1,False
256403,1,5.0,1,1.9636123475578833,1.7510310285718453,3,1,True
257002,1,5.0,1,2.2879954989196105,1.9275833489720948,3,1,True
257701,0,19.0,0,0.842609363690682,0.8326108175460274,10,0,True
258001,1,17.0,1,0.9490991863842373,0.9228936663796752,9,0,False
258801,1,7.0,1,1.7872112994737106,1.6420982368745487,4,1,True
259903,1,5.0,1,1.2134561214982302,1.2134561214982302,3,1,True
260501,0,15.0,0,1.0986455780473612,1.0718021129226294,8,0,True
260701,1,7.0,1,1.5448980617915153,1.4603633086129024,4,1,True
261502,1,7.0,1,2.0508987457970362,1.8843755159075277,4,1,True
261504,0,17.0,0,1.265454439585559,1.0204796002029977,9,1,False
262301,0,19.0,0,0.7711247449411801,0.7241236605911581,10,0,True
262602,1,15.0,1,1.0580489777013584,0.8987067951814668,8,0,False
263501,0,19.0,0,0.8244590752960176,0.8206690846090462,10,0,True
263801,0,21.0,0,1.531518105207089,1.4539327459921372,11,1,False
264001,0,19.0,0,0.9408792874652048,0.8295196522881504,10,0,True
264002,0,21.0,0,0.9657550486075613,0.8455041785823099,11,0,True
265101,0,19.0,0,0.7383056202930527,0.6509219934874262,10,0,True
265202,1,11.0,1,1.8004673080688198,1.2783422921289331,6,1,True
265401,0,19.0,0,1.5545137418920543,1.3048752386338804,10,1,False
265403,1,9.0,1,1.194085650047018,1.1217242960092533,5,1,True
265501,1,5.0,1,2.7247238066736927,1.6296212679697912,3,1,True
265502,1,7.0,1,1.9405351545656788,1.352264399614883,4,1,True
265506,0,17.0,0,1.5826818862929475,1.23929425879557,9,1,False
265901,0,21.0,0,0.9382815278679407,0.8100928994707435,11,0,True
266202,0,13.0,0,0.9490991863842373,0.9289933334342344,7,0,True
266301,0,15.0,0,0.6965359126579544,0.6278360041834441,8,0,True
266303,0,15.0,0,1.8589789634151033,1.4679235498394607,8,1,False
266401,0,9.0,0,0.9490991863842373,0.911655013842427,5,0,True
266901,0,21.0,0,1.26739661255216,1.0697675277984793,11,1,False
267202,0,19.0,0,1.0169261435103227,0.8460809187165583,10,0,True
267501,0,19.0,0,1.3752836309190268,1.0825019315172064,10,1,False
267504,1,13.0,1,0.9087054566981844,0.9087054566981844,7,0,False
267902,0,19.0,0,0.8026474487117425,0.6385719459780417,10,0,True
267905,1,5.0,1,3.132551330300334,1.9754531404308135,3,1,True
268103,1,13.0,1,1.2924724106767884,1.1933288056112752,7,1,True
268104,1,15.0,1,1.3289202534708535,1.0368086662321803,8,1,True
268302,1,3.0,1,1.9523894540836133,1.4283569225158466,2,1,True
268305,1,13.0,1,3.488356662245456,1.3010744222465402,7,1,True
269101,1,5.0,1,1.2363637164355863,1.146160827159578,3,1,True
269201,1,5.0,1,0.9741922721556385,0.9741922721556385,3,0,False
269902,1,15.0,1,1.2504175749190527,0.975561757523876,8,1,True
270002,1,11.0,1,1.0273002722619706,0.96968628239746,6,0,False
270401,0,7.0,0,0.9408792874652048,0.9408792874652048,4,0,True
270901,1,13.0,1,0.8852991696462327,0.8848644880580708,7,0,False
271201,1,5.0,1,0.9490991863842373,0.9490991863842373,3,0,False
272302,1,11.0,1,1.2471650858691077,1.2016696169168628,6,1,True
272701,0,21.0,0,1.979291199190105,1.1496425329813944,11,1,False
273701,1,11.0,1,0.849970737131506,0.849970737131506,6,0,False
273901,1,9.0,1,4.649880202656984,3.1597890992847666,5,1,True
274001,1,7.0,1,1.2363637164355863,1.16871154947858,4,1,True
274002,0,21.0,0,2.096117560062426,1.1517413661970677,11,1,False
274601,0,19.0,0,0.9573908976379011,0.8340811671038185,10,0,True
274802,1,3.0,1,1.8270245814867527,1.336640701021457,2,1,True
275201,0,13.0,0,0.7644907727839482,0.69986018529017,7,0,True
276903,1,3.0,1,1.7303838736727384,1.5410152968288413,2,1,True
277003,1,9.0,1,0.9008353972687915,0.9008353972687914,5,0,False
277502,1,7.0,1,1.4427796816507155,1.3256328292769461,4,1,True
277801,0,21.0,0,0.6302501951714047,0.5517746703349377,11,0,True
277803,0,21.0,0,2.6422866192976495,1.7007847561282055,11,1,False
278101,0,19.0,0,0.7928342986709527,0.69211081981585,10,0,True
278103,0,9.0,0,1.5973253223448916,1.4541386088365353,5,1,False
278401,0,19.0,0,0.940259276142884,0.846838473246202,10,0,True
278501,0,9.0,0,0.7415015708955532,0.712247607601778,5,0,True
279501,0,21.0,0,0.9166442721240777,0.75421940025619,11,0,True
280803,0,21.0,0,1.8364029185977173,1.1447470186171846,11,1,False
280901,0,19.0,0,0.9327305789330237,0.800379423795248,10,0,True
281001,0,19.0,0,1.9819018792000207,1.136268056864362,10,1,False
281703,1,9.0,1,1.8753290002318184,1.6000032796941714,5,1,True
282301,0,19.0,0,1.5836752116099277,1.5205801770811356,10,1,False
282801,1,13.0,1,1.376450424666479,1.1545279974526126,7,1,True
282803,0,21.0,0,1.1347593068495005,0.788665356373538,11,0,True
285001,1,15.0,1,1.1755054665630915,0.9560090720185221,8,0,False
285002,1,15.0,1,1.0860225700599713,0.9224675643595999,8,0,False
285502,1,5.0,1,1.6556492455202412,1.476408113313745,3,1,True
287701,1,9.0,1,1.4663365844150293,1.4021478049448546,5,1,True
287702,1,13.0,1,3.1672306695070684,1.224606150445688,7,1,True
287803,0,19.0,0,1.3111525054589481,1.0469322637173861,10,1,False
287806,1,7.0,1,1.3969040454960535,1.3969040454960535,4,1,True
288001,0,11.0,0,0.83892761237191,0.83892761237191,6,0,True
288301,1,5.0,1,2.55568543009397,1.718115273049941,3,1,True
288601,0,19.0,0,0.7711247449411801,0.6784256948050598,10,0,True
289201,0,21.0,0,1.2107479512665584,1.066415395982643,11,1,False
289203,0,21.0,0,5.399982381268897,2.0515195132364923,11,1,False
289403,1,19.0,1,5.117448503216771,1.5933342395420447,10,1,True
290002,1,9.0,1,2.358852406707156,1.8360663012915694,5,1,True
290202,1,13.0,1,0.9750597852717952,0.9277619808309522,7,0,False
290803,1,13.0,1,3.458144920871586,1.289806158201611,7,1,True
290901,0,9.0,0,1.707969238593903,1.5079603964154777,5,1,False
291002,0,21.0,0,4.320966596239802,1.6531984068228447,11,1,False
291102,1,5.0,1,1.108243786573899,1.108243786573899,3,0,False
291104,1,9.0,1,0.9490991863842373,0.9490991863842373,5,0,False
293403,0,21.0,0,1.052150256716724,1.010056800776732,11,0,True
294301,0,21.0,0,1.7329736144036367,1.1241787036343587,11,1,False
294303,0,21.0,0,2.1013364506788013,1.1422963257794139,11,1,False
295901,1,13.0,1,0.9490991863842373,0.9490991863842373,7,0,False
296402,1,19.0,1,4.815147884497041,1.4992119584603452,10,1,True
297001,0,19.0,0,0.7744176440017834,0.7608706741017972,10,0,True
297003,0,21.0,0,2.4703553968115837,1.269927435458615,11,1,False
299001,0,21.0,0,2.1315154729132586,1.1321882284653821,11,1,False
299302,0,1.0,0,1.0891304970853852,1.0891304970853852,1,0,True
300402,0,19.0,0,0.9408792874652048,0.8117184602996236,10,0,True
300404,1,7.0,1,1.4920695114614433,1.410425465814535,4,1,True
302102,0,19.0,0,0.8316134305152096,0.7331861726679194,10,0,True
302501,0,21.0,0,0.9043243909480797,0.8539490566357363,11,0,True
302701,0,11.0,0,0.6996742773571599,0.6996742773571599,6,0,True
302703,1,9.0,1,1.217301780259684,1.217301780259684,5,1,True
303501,0,19.0,0,0.842609363690682,0.7584087329761122,10,0,True
303504,1,11.0,1,1.2812786463960757,1.1666128733481558,6,1,True
304101,0,9.0,0,0.7997608171749092,0.7560948942007811,5,0,True
304104,1,5.0,1,1.1654933288738096,1.1654933288738096,3,0,False
304602,1,13.0,1,0.7973763998072768,0.7256410673585983,7,0,False
304702,0,21.0,0,0.8610577235804205,0.6810507204900703,11,0,True
306802,0,19.0,0,0.9327305789330237,0.9257803506298323,10,0,True
306902,1,5.0,1,1.7228907430685967,1.4514956476117924,3,1,True
307302,1,15.0,1,1.3522416438641167,1.0550037532625471,8,1,True
308001,1,7.0,1,0.9408792874652048,0.9408792874652048,4,0,False
309801,1,5.0,1,2.2922530413684306,2.044092972712367,3,1,True
309901,1,11.0,1,0.9490991863842373,0.7551987651832687,6,0,False
310101,0,21.0,0,1.9448568976989897,1.4712080132230454,11,1,False
310102,1,3.0,1,2.8828424521390144,2.109070997296512,2,1,True
310501,0,15.0,0,0.9435496512641578,0.7692850260293459,8,0,True
310502,1,5.0,1,0.8852991696462327,0.8852991696462326,3,0,False
310601,1,19.0,1,5.1253813547212115,1.629376602677467,10,1,True
310802,1,3.0,1,2.7362435485058145,2.0018200805289874,2,1,True
310803,1,9.0,1,30.71005527812881,7.1515470070850755,5,1,True
310901,1,15.0,1,1.3060010746588875,1.0189273801632024,8,1,True
311102,1,5.0,1,2.9331765646985484,2.2531288759184527,3,1,True
311501,0,21.0,0,1.2395880365316334,1.0314524866270596,11,1,False
311701,0,7.0,0,1.0796978237419554,1.0796978237419554,4,0,True
311702,0,21.0,0,1.5200646207633184,1.279017528642326,11,1,False
311802,0,21.0,0,2.0786734248910075,1.1523147069447635,11,1,False
312101,0,19.0,0,0.6875673104221952,0.666112660015244,10,0,True
312201,1,5.0,1,1.7531259716454057,1.4769681291724173,3,1,True
314501,1,11.0,1,1.0453284952783284,0.9867034301847101,6,0,False
314502,0,21.0,0,2.1626272260773054,1.263133284696891,11,1,False
315001,0,21.0,0,2.7208462480187974,1.4475071299840858,11,1,False
315103,1,7.0,1,5.771787474498783,4.558001673905107,4,1,True
315401,0,19.0,0,1.707969238593903,1.607471993052855,10,1,False
315402,0,21.0,0,1.7563882194277698,1.6930363501180097,11,1,False
315501,1,7.0,1,0.9490991863842373,0.9490991863842373,4,0,False
316301,0,19.0,0,1.108993645292123,0.9584922712070162,10,0,True
318203,0,21.0,0,4.592241935407713,1.7569881373227256,11,1,False
319002,0,19.0,0,1.8470526783943175,1.7575090273404013,10,1,False
319003,1,13.0,1,1.2363637164355863,1.1971656284538381,7,1,True
319004,1,13.0,1,0.9657550486075613,0.9657550486075613,7,0,False
319005,0,21.0,0,6.41358329224376,2.063857301343908,11,1,False
319801,0,19.0,0,0.8067478485233103,0.7127782742142236,10,0,True
319802,0,19.0,0,0.8280773294135123,0.7316233081447531,10,0,True
320402,1,11.0,1,1.155399297089158,1.155399297089158,6,0,False
322102,0,21.0,0,1.0891304970853852,1.0891304970853852,11,0,True
322501,0,19.0,0,0.8536500596434556,0.8288911098094218,10,0,True
322502,1,5.0,1,1.3341380801710152,1.1897038525369406,3,1,True
322503,1,7.0,1,0.9408792874652048,0.9408792874652048,4,0,False
324201,1,5.0,1,13.23350714699608,5.1078811036147975,3,1,True
324302,1,5.0,1,1.2279366169714687,1.2279366169714687,3,1,True
324402,0,21.0,0,2.007651408574207,1.480998431061028,11,1,False
324501,0,21.0,0,1.773202281250025,1.0996814978304938,11,1,False
325202,1,7.0,1,0.9490991863842373,0.9490991863842373,4,0,False
325401,1,9.0,1,1.4214184920942272,1.3945985800049745,5,1,True
325901,1,5.0,1,1.8510744042541338,1.5198484103307421,3,1,True
326001,0,19.0,0,1.8835591441893091,1.7332051533720665,10,1,False
326802,1,5.0,1,0.9246524442264408,0.9246524442264409,3,0,False
326805,1,7.0,1,0.9657550486075613,0.9657550486075613,4,0,False
326901,0,19.0,0,1.6534495202951474,1.1479244166427116,10,1,False
327301,0,17.0,0,0.8887279905124417,0.7913324674239134,9,0,True
327302,0,19.0,0,1.104445332325581,0.8628271380173874,10,0,True
328603,0,21.0,0,1.0273002722619706,0.9958744596086013,11,0,True
328703,1,15.0,1,1.095510498924609,0.9305266110791318,8,0,False
330602,0,21.0,0,0.9246524442264408,0.7599283157783592,11,0,True
331602,0,7.0,0,0.9008353972687915,0.9008353972687915,4,0,True
331703,0,5.0,0,0.8209055690300134,0.8209055690300134,3,0,True
331704,0,21.0,0,1.207083920787062,1.1093150393187499,11,1,False
332201,1,9.0,1,1.1532533029672538,1.1027697218275612,5,0,False
332501,0,19.0,0,0.8930334983582616,0.714573532499862,10,0,True
333801,1,11.0,1,0.9408792874652048,0.9144956627376506,6,0,False
334702,0,11.0,0,0.9166442721240777,0.9166442721240777,6,0,True
334802,0,9.0,0,0.9490991863842373,0.904289268366117,5,0,True
335501,1,5.0,1,1.0853975527515254,1.0853975527515254,3,0,False
335801,1,7.0,1,0.9008353972687915,0.9008353972687915,4,0,False
336201,0,11.0,0,0.7100269001723402,0.6633398764120078,6,0,True
336301,1,5.0,1,6.561921317639972,4.674892677516245,3,1,True
336402,0,21.0,0,1.1756755461696746,1.169942966643343,11,0,True
336504,1,11.0,1,0.8852991696462327,0.8852991696462326,6,0,False
336901,1,7.0,1,1.866656327112384,1.7150927058846381,4,1,True
336902,1,7.0,1,7.148010852454835,4.284714672274531,4,1,True
337101,1,5.0,1,0.6611540404054563,0.6611540404054563,3,0,False
338701,0,21.0,0,0.9967897855991777,0.8153048683535008,11,0,True
339301,1,13.0,1,3.2228128029843583,1.246096919389832,7,1,True
339702,1,3.0,1,5.732446763924084,3.448970046398947,2,1,True
340701,0,9.0,0,0.7928342986709527,0.7615551397564895,5,0,True
341102,0,19.0,0,1.166975181587064,0.9708867859045199,10,0,True
342201,1,15.0,1,1.1254758692965274,0.9153212571025195,8,0,False
342602,1,11.0,1,1.2701818283694855,1.1565091454826872,6,1,True
342603,1,13.0,1,0.9087054566981844,0.9083087817025314,7,0,False
342801,1,3.0,1,2.4728434015410077,1.8091180443025816,2,1,True
342904,1,9.0,1,0.9087054566981844,0.9087054566981843,5,0,False
343001,0,19.0,0,0.8930334983582616,0.8334241212516655,10,0,True
343004,1,5.0,1,6.713267616019672,3.030337406092137,3,1,True
343202,0,21.0,0,1.4509205072222802,0.9213940129059874,11,1,False
343203,0,19.0,0,1.7611975050031916,0.9870887021363511,10,1,False
343603,0,17.0,0,1.5116789473099934,1.2863516996215059,9,1,False
343604,0,17.0,0,1.3190155539279853,1.0366501576344893,9,1,False
343802,1,7.0,1,0.9657550486075613,0.9657550486075613,4,0,False
344402,0,19.0,0,0.6525133294146925,0.5819206085353239,10,0,True
344501,0,21.0,0,0.9293740290680639,0.8208872143170709,11,0,True
344602,0,21.0,0,1.489349484394751,1.1530556379448365,11,1,False
344603,0,21.0,0,1.0423755042110383,0.9865048871933028,11,0,True
344701,0,19.0,0,0.6757092037437312,0.5303904489092722,10,0,True
344704,1,5.0,1,9.049184538077622,3.932586773666833,3,1,True
344801,0,15.0,0,0.9327305789330237,0.9327305789330237,8,0,True
345101,0,19.0,0,0.9490991863842373,0.8367666687588067,10,0,True
345202,1,13.0,1,1.2924724106767884,1.1926942021016471,7,1,True
345401,0,21.0,0,0.8610577235804205,0.6572116808478425,11,0,True
345402,0,19.0,0,0.9741922721556385,0.877307017887295,10,0,True
345801,1,9.0,1,1.1734918917242352,1.1107771932213928,5,0,False
345803,1,9.0,1,3.020559852679811,1.5071094763507777,5,1,True
345901,1,11.0,1,0.9573908976379011,0.9573908976379011,6,0,False
345902,1,15.0,1,1.2395880365316334,0.9671126732225082,8,1,True
346501,1,5.0,1,1.693176965352637,1.426462476354512,3,1,True
346502,0,19.0,0,1.4663365844150293,1.4201860674454576,10,1,False
346702,0,21.0,0,2.4200725948277593,1.4447629542629195,11,1,False
346703,1,13.0,1,1.3499253298803973,1.2457853185822458,7,1,True
346901,1,13.0,1,0.8852991696462327,0.8852991696462327,7,0,False
346902,1,15.0,1,1.155232150754835,0.9395212934552657,8,0,False
347601,0,19.0,0,1.779964380087022,1.3805916783485745,10,1,False
348602,0,21.0,0,0.9657550486075613,0.9337164895121179,11,0,True
348604,0,21.0,0,1.732546033244781,1.1138264380665377,11,1,False
350101,0,19.0,0,2.0669572895454493,1.6757836240380044,10,1,False
350201,1,7.0,1,0.9246524442264408,0.9246524442264408,4,0,False
350202,1,13.0,1,1.0273002722619706,0.97746840747439,7,0,False
350602,1,11.0,1,1.3037639681729931,1.187085910903344,6,1,True
350603,1,9.0,1,8.342628550906333,2.571523215996082,5,1,True
351101,1,5.0,1,1.9361060988326035,1.5074388541811674,3,1,True
351201,1,17.0,1,3.06010710293491,1.2122650978207539,9,1,True
352202,1,15.0,1,1.095510498924609,0.9305266110791318,8,0,False
352301,1,7.0,1,0.9657550486075613,0.9657550486075613,4,0,False
353101,1,5.0,1,2.348487456053927,1.9785464253303753,3,1,True
353202,1,5.0,1,2.4448492987565658,1.9035428005652257,3,1,True
354201,1,21.0,1,0.8099253589815757,0.7855322894991041,11,0,False
354202,1,11.0,1,1.2336160190407062,1.0132251588558294,6,1,True
354301,0,19.0,0,1.2454659379822524,1.0287233619752443,10,1,False
354303,1,7.0,1,2.3690047846406643,2.0891250466544666,4,1,True
354404,1,3.0,1,4.680257493160857,3.3953040854374636,2,1,True
354602,0,21.0,0,2.5902787434500913,1.4761339664927038,11,1,False
355102,0,21.0,0,1.0627871091353287,0.9683190505293967,11,0,True
355401,0,19.0,0,0.7447557543867814,0.6474265375152968,10,0,True
355502,1,9.0,1,1.7228907430685967,1.5600536857945142,5,1,True
355802,1,7.0,1,0.9327305789330237,0.9327305789330237,4,0,False
356502,0,19.0,0,1.2115034832243547,1.084449205113262,10,1,False
356601,0,19.0,0,0.9327305789330237,0.7679629131600116,10,0,True
357203,0,21.0,0,1.2374646918497876,1.1584908469652717,11,1,False
357301,0,19.0,0,1.4589991545274752,1.4589991545274752,10,1,False
357601,0,21.0,0,2.224849870451014,1.1882274957900858,11,1,False
358601,1,5.0,1,6.05474107449947,3.525944797511656,3,1,True
358602,1,7.0,1,0.9741922721556385,0.9741922721556385,4,0,False
359401,0,19.0,0,0.8685802692943893,0.8563052482174183,10,0,True
359403,1,11.0,1,1.2482756798462187,1.1365634490921304,6,1,True
359702,0,19.0,0,0.728713288793356,0.6190554393826025,10,0,True
359703,1,3.0,1,2.784262234231377,2.036950275492273,2,1,True
360102,1,5.0,1,3.090326489741667,2.373844088982846,3,1,True
360103,1,9.0,1,1.2256558948274183,1.172002895389515,5,1,True
360303,1,7.0,1,1.850489706652102,1.700238738163045,4,1,True
360602,1,17.0,1,1.9523894540836133,1.5798867660646199,9,1,True
361001,0,19.0,0,0.8838745865798529,0.7360291665559731,10,0,True
361301,1,5.0,1,1.3943094897627664,1.292583158870306,3,1,True
361402,1,5.0,1,0.9327305789330237,0.9327305789330237,3,0,False
363502,0,15.0,0,0.8760387400102547,0.7989712149607554,8,0,True
363701,0,17.0,0,0.8101928673091473,0.6876111943478604,9,0,True
364102,1,9.0,1,1.2471650858691077,1.180513085207536,5,1,True
364702,1,5.0,1,0.9008353972687915,0.9008353972687915,3,0,False
364801,0,19.0,0,0.6440866177297739,0.5991528613537994,10,0,True
364804,0,19.0,0,1.3996794017596914,1.1254433789233098,10,1,False
364805,1,3.0,1,1.7455012013918267,1.5544782246893765,2,1,True
365002,0,19.0,0,1.3097282873331062,1.1253300369107098,10,1,False
365201,0,19.0,0,0.9327305789330237,0.7550927650031565,10,0,True
365402,0,13.0,0,0.8102400693620608,0.7930338419012267,7,0,True
365407,1,15.0,1,0.9451937035632597,0.892785986385861,8,0,False
365409,1,17.0,1,2.5256075829254474,1.116728411096391,9,1,True
365410,1,19.0,1,5.467070018254173,1.5344289144581436,10,1,True
366903,0,21.0,0,1.2374646918497876,1.1511417594189435,11,1,False
367901,1,7.0,1,1.2471650858691077,1.1789218824407404,4,1,True
368102,1,7.0,1,1.108243786573899,1.108243786573899,4,0,False
368702,1,13.0,1,0.9490991863842373,0.9145015741043699,7,0,False
369102,1,7.0,1,2.070102501852743,1.9568292650117178,4,1,True
369202,0,21.0,0,1.9314062238790832,1.126679273093404,11,1,False
369703,1,5.0,1,2.2030672782195264,1.8102047015168317,3,1,True
370501,0,19.0,0,0.9490991863842373,0.8350053336840565,10,0,True
371101,0,19.0,0,1.2604018422014007,1.2604018422014007,10,1,False
371503,0,5.0,0,1.3122703434474414,1.3122703434474414,3,1,False
371803,1,7.0,1,1.217301780259684,1.217301780259684,4,1,True
372001,0,1.0,0,0.803175999557344,0.803175999557344,1,0,True
372602,0,21.0,0,1.397376194422321,0.9922341946910415,11,1,False
372603,0,15.0,0,1.775876278701079,1.4442755746466818,8,1,False
372701,0,21.0,0,1.1654933288738096,1.153106807977666,11,0,True
372801,0,21.0,0,0.842609363690682,0.6934156185216436,11,0,True
372904,0,21.0,0,2.4326806253337145,1.2522967622587389,11,1,False
373501,1,9.0,1,2.4880603171144373,1.2182803812379206,5,1,True
373502,0,13.0,0,0.8930334983582616,0.8930334983582616,7,0,True
373601,1,7.0,1,2.4637079963632784,1.78117678720532,4,1,True
373702,0,21.0,0,2.1312743379317305,1.197825682837906,11,1,False
373901,1,11.0,1,0.9741922721556385,0.9741922721556385,6,0,False
374101,0,19.0,0,2.2194461025537064,1.9868325805777638,10,1,False
375303,0,19.0,0,0.9008353972687915,0.870766990820381,10,0,True
375304,1,11.0,1,1.3499253298803973,1.2291161429458526,6,1,True
375601,1,3.0,1,2.085015057652763,1.525385053130162,2,1,True
376903,1,5.0,1,0.9657550486075613,0.9657550486075613,3,0,False
377002,1,5.0,1,1.2363637164355863,1.146160827159578,3,1,True
377103,1,15.0,1,1.272361311831122,0.9926820147707127,8,1,True
377901,0,19.0,0,0.9741922721556385,0.8607188575351568,10,0,True
377903,0,15.0,0,0.9741922721556385,0.9741922721556385,8,0,True
378102,0,21.0,0,1.054815904769138,0.912174507484968,11,0,True
378301,1,11.0,1,1.3382339809475934,1.2184710906692238,6,1,True
378704,1,11.0,1,1.2880789434289572,0.9987458967924968,6,1,True
379102,0,21.0,0,0.8316134305152096,0.6991489147676774,11,0,True
379103,1,13.0,1,0.9408792874652048,0.9065813160235768,7,0,False
379302,0,21.0,0,1.3728123864832091,1.352213917903092,11,1,False
379902,0,21.0,0,1.902906308205911,1.1239133369817085,11,1,False
380401,1,7.0,1,1.737942607792619,1.5326180238754836,4,1,True
380402,1,9.0,1,1.4187784041726879,1.3429549063815813,5,1,True
381304,1,5.0,1,2.470797647378165,2.0301919791552545,3,1,True
381904,1,7.0,1,1.3848058262390026,1.3848058262390026,4,1,True
382102,0,19.0,0,1.8465402495084688,1.4213785645471113,10,1,False
383601,0,13.0,0,0.9327305789330237,0.9323234163088572,7,0,True
383602,1,13.0,1,0.9327305789330237,0.9322726085391965,7,0,False
383703,1,3.0,1,1.936639800898475,1.5272828248996135,2,1,True
384601,0,19.0,0,0.9573908976379011,0.9573908976379011,10,0,True
385102,0,19.0,0,1.3258683905997695,1.2235213040171362,10,1,False
387902,0,13.0,0,0.7554314707610468,0.7554314707610468,7,0,True
388901,1,5.0,1,1.2279366169714687,1.0487604906807968,3,1,True
389903,1,9.0,1,1.2256558948274183,1.1601534056714078,5,1,True
389904,1,11.0,1,0.8852991696462327,0.8852991696462326,6,0,False
390801,1,11.0,1,1.1756755461696746,1.1756755461696746,6,0,False
391301,1,13.0,1,0.9750597852717952,0.9281876213212046,7,0,False
391401,0,19.0,0,1.6078890443377631,1.3282869016815835,10,1,False
391802,1,17.0,1,1.2999569487441198,1.0423087432715112,9,1,True
391902,0,21.0,0,1.1699104311983057,0.97895290613687,11,0,True
392101,1,5.0,1,1.7531259716454057,1.4769681291724173,3,1,True
392302,1,9.0,1,0.9087054566981844,0.8999202046454873,5,0,False
392801,0,1.0,0,0.6875673104221952,0.6875673104221952,1,0,True
392902,1,5.0,1,2.5909779678814293,1.6339255206865817,3,1,True
393501,0,21.0,0,0.747979626095903,0.611401030750634,11,0,True
393502,1,5.0,1,13.968459286151296,5.481929337972613,3,1,True
394401,0,19.0,0,0.669857063700715,0.553525068471146,10,0,True
395301,0,21.0,0,2.024095966513387,1.1243501515946002,11,1,False
395303,1,9.0,1,1.1734918917242352,1.0799274224439384,5,0,False
395304,1,11.0,1,1.2924724106767884,1.1768048714336896,6,1,True
396204,1,7.0,1,1.834463101047962,1.6855134167567893,4,1,True
396902,1,17.0,1,1.1905988937165466,0.9894986777953567,9,1,True
397001,1,5.0,1,1.4338365742885282,1.4338365742885282,3,1,True
397502,0,21.0,0,0.9657550486075613,0.9657550486075613,11,0,True
398201,1,7.0,1,0.9622348118678721,0.7043736687558892,4,0,False
398204,1,5.0,1,1.3969040454960535,1.3969040454960535,3,1,True
398601,1,9.0,1,0.8610577235804205,0.8204045162486343,5,0,False
398802,0,21.0,0,0.6446145287182882,0.6239332091153558,11,0,True
399101,0,21.0,0,0.6612319785472154,0.6253799981597266,11,0,True
399302,0,21.0,0,1.1791549550710372,0.9113848784434144,11,0,True
399503,1,13.0,1,0.9166442721240777,0.9166442721240777,7,0,False
399602,1,7.0,1,0.9657550486075613,0.9657550486075613,4,0,False
400301,0,5.0,0,0.7744627617806288,0.7744627617806289,3,0,True
400502,0,11.0,0,0.8915964695626969,0.8329705420816417,6,0,True
400503,0,21.0,0,0.8102400693620608,0.6596980832787117,11,0,True
400701,0,7.0,0,0.8462075202799433,0.8462075202799433,4,0,True
401202,0,19.0,0,1.4346911845600172,1.0890904060677429,10,1,False
401501,0,21.0,0,1.5045447154140614,0.9694121082814298,11,1,False
401503,1,3.0,1,3.7972788751134323,2.567365291943938,2,1,True
401601,0,21.0,0,1.0987228618912293,0.8271483502789359,11,0,True
402302,1,17.0,1,2.879338841176267,1.1406535341883715,9,1,True
402403,0,21.0,0,0.7415889805626129,0.6385283108421556,11,0,True
402801,0,21.0,0,0.7479360511417328,0.6172748970611035,11,0,True
402802,0,15.0,0,0.9327305789330237,0.8296246529593958,8,0,True
403501,1,11.0,1,1.2482756798462187,1.1365634490921304,6,1,True
403502,1,13.0,1,1.3382339809475934,1.234923002569795,7,1,True
403802,0,21.0,0,0.9657550486075613,0.9627105069055766,11,0,True
404101,0,21.0,0,0.7744627617806288,0.6581202467222633,11,0,True
404102,0,19.0,0,0.7224020942830572,0.6369007608577782,10,0,True
404901,0,19.0,0,0.8442031190859772,0.7508455031321805,10,0,True
404903,0,21.0,0,1.369411149368517,1.298417472696261,11,1,False
405002,1,5.0,1,3.493462657920015,2.034398553535602,3,1,True
406001,0,21.0,0,0.8686308730129422,0.7373793906743219,11,0,True
406002,0,19.0,0,0.9327305789330237,0.8779802542714348,10,0,True
406503,1,15.0,1,1.272361311831122,0.9926820147707127,8,1,True
407101,1,19.0,1,5.036986636195727,1.6012756134636568,10,1,True
407702,1,13.0,1,1.0008392392794228,0.9522364177537092,7,0,False
407703,0,21.0,0,1.956112907859761,1.1098596075077702,11,1,False
408403,0,17.0,0,2.051114978523686,1.6275340445985569,9,1,False
409201,1,17.0,1,2.8544016432862547,1.1307746333451567,9,1,True
409501,1,9.0,1,3.333005465183238,1.6320083322982986,5,1,True
409503,1,17.0,1,1.0612555310092517,0.9167677658289983,9,0,False
410302,1,5.0,1,3.8973288434375744,2.183971907784757,3,1,True
410801,1,7.0,1,0.9327305789330237,0.9327305789330237,4,0,False
410901,0,21.0,0,1.279555258399543,1.0656661863492494,11,1,False
410902,1,15.0,1,1.0860225700599713,0.9224675643595999,8,0,False
411001,1,9.0,1,1.2346078314429,1.167760472798577,5,1,True
412303,1,5.0,1,14.064322211108438,5.428559856377728,3,1,True
413202,0,21.0,0,1.774148576255456,1.2339136898704621,11,1,False
413203,1,5.0,1,1.6785128041070088,1.41410825928675,3,1,True
413301,0,19.0,0,0.9246524442264408,0.8253748301938109,10,0,True
413602,0,19.0,0,0.9490991863842373,0.9388303246488479,10,0,True
414501,1,9.0,1,0.9246524442264408,0.9246524442264408,5,0,False
414801,1,3.0,1,1.7729427910042954,1.398867798288163,2,1,True
414803,1,19.0,1,4.987606864428088,1.5897992744814873,10,1,True
415001,0,17.0,0,1.141290845935441,0.9486429921733363,9,0,True
415302,1,7.0,1,10.337027986263749,5.626836129193913,4,1,True
415403,0,13.0,0,0.9657550486075613,0.930936392107058,7,0,True
416702,1,11.0,1,1.032082350022299,0.9642189307822462,6,0,False
417001,0,19.0,0,0.9327305789330237,0.868509696671105,10,0,True
417003,1,9.0,1,1.1633285864863225,1.1124039605286948,5,0,False
417602,0,21.0,0,1.3405302339439218,1.1120779986509408,11,1,False
417701,0,21.0,0,0.9966180201688216,0.8774760587490583,11,0,True
417901,0,21.0,0,0.9657550486075613,0.8388684143882849,11,0,True
417903,1,3.0,1,3.0107263636832537,1.9636853179036657,2,1,True
418002,0,19.0,0,1.032082350022299,0.9658987244048207,10,0,True
418004,1,13.0,1,1.3969040454960535,1.3962942583509559,7,1,True
418501,0,21.0,0,2.1451105815142295,1.158214641172652,11,1,False
418502,0,21.0,0,2.031307498340669,1.1844040199340737,11,1,False
419201,1,11.0,1,1.1532533029672538,1.11118365201751,6,0,False
419401,0,19.0,0,0.9657550486075613,0.8154444520766084,10,0,True
419402,0,21.0,0,1.5858404209528132,1.262381070548367,11,1,False
419403,1,3.0,1,2.9350002606266035,1.984373033638216,2,1,True
419501,0,19.0,0,0.8852991696462327,0.7351943198091988,10,0,True
420304,1,11.0,1,1.18374398767404,1.140562063766107,6,0,False
420305,0,21.0,0,1.6216365282079277,1.2599130948849635,11,1,False
420801,1,9.0,1,3.6961323601455875,1.6660981884531487,5,1,True
421204,1,7.0,1,1.2386643638832717,1.2386643638832717,4,1,True
421205,1,15.0,1,1.272361311831122,0.9926820147707127,8,1,True
421402,1,13.0,1,0.8930334983582616,0.8926436646046861,7,0,False
421501,0,19.0,0,0.6875673104221952,0.5911475558325661,10,0,True
421801,1,17.0,1,0.8852991696462327,0.7706739676312344,9,0,False
421901,0,19.0,0,1.0224800536546175,0.8696794649832279,10,0,True
422002,1,7.0,1,2.631550533746231,1.8383093078351938,4,1,True
422401,1,7.0,1,1.783891802090482,1.5731386734341626,4,1,True
422701,1,11.0,1,0.9741922721556385,0.9741922721556385,6,0,False
423104,1,15.0,1,1.095510498924609,0.9305266110791318,8,0,False
424902,1,21.0,1,2.291468451790733,1.7847246125605296,11,1,True
425401,1,3.0,1,19.677453264867754,10.543280612258938,2,1,True
425601,0,19.0,0,0.8280773294135123,0.8280773294135123,10,0,True
425602,0,21.0,0,0.9327305789330237,0.8988554235025762,11,0,True
426203,0,19.0,0,1.0231437557057022,0.9945031707096085,10,0,True
427003,1,5.0,1,2.4165659590182775,2.2402576213246315,3,1,True
427502,0,17.0,0,0.8536003286602463,0.8310831653625784,9,0,True
428002,0,19.0,0,0.7350796204308335,0.6480778132406709,10,0,True
428202,0,19.0,0,1.2134561214982302,1.0471161217884042,10,1,False
429401,0,19.0,0,0.9408792874652048,0.8473955923390786,10,0,True
429502,0,19.0,0,1.1936056887581052,0.8611923416023537,10,1,False
430602,0,21.0,0,0.9490991863842373,0.9490991863842372,11,0,True
432001,0,21.0,0,1.319537567834244,1.0693727126428396,11,1,False
432302,0,11.0,0,1.3828224731243859,1.1357752318184138,6,1,False
432304,1,5.0,1,1.5973253223448916,1.4637111377789995,3,1,True
433701,1,5.0,1,1.693176965352637,1.426462476354512,3,1,True
433702,0,21.0,0,1.3689224257530714,1.0637696554409362,11,1,False
433901,1,11.0,1,0.9166442721240777,0.9166442721240777,6,0,False
435402,0,21.0,0,0.9741922721556385,0.8133333402291837,11,0,True
436701,1,5.0,1,1.4214184920942272,1.421418492094227,3,1,True
437101,1,9.0,1,0.8244590752960176,0.8244590752960177,5,0,False
437102,1,5.0,1,3.615226072982095,2.879853368538104,3,1,True
437902,1,5.0,1,6.903581099827072,3.21640195759783,3,1,True
438101,0,21.0,0,0.947480747569448,0.9118387778527705,11,0,True
438602,0,19.0,0,0.9246524442264408,0.7492832364932478,10,0,True
439102,0,21.0,0,0.9087054566981844,0.7734813268846835,11,0,True
440402,1,3.0,1,1.8039459968279468,1.606526978239034,2,1,True
441102,1,19.0,1,4.857214948166165,1.512309675586151,10,1,True
441605,1,5.0,1,1.4427796816507155,1.2865838784856898,3,1,True
441606,1,7.0,1,0.9657550486075613,0.9657550486075613,4,0,False
441701,0,19.0,0,0.8703875273538363,0.8505263716030876,10,0,True
441702,1,3.0,1,1.779964380087022,1.3022117276915197,2,1,True
441704,1,15.0,1,1.317410823991095,1.0278291385315264,8,1,True
442802,1,11.0,1,0.9166442721240777,0.9166442721240777,6,0,False
442803,1,11.0,1,1.0362751795747223,0.9781578507810655,6,0,False
443702,1,13.0,1,3.1672306695070684,1.224606150445688,7,1,True
444701,0,19.0,0,0.7224020942830572,0.6609243027500857,10,0,True
444702,1,5.0,1,1.133363758356008,1.0506755621194162,3,0,False
445002,1,7.0,1,1.7728343023824409,1.6758271833465814,4,1,True
445101,0,21.0,0,2.295460337013057,1.1708499438696565,11,1,False
446501,1,5.0,1,2.442370468118976,1.5402104874299154,3,1,True
447601,0,21.0,0,0.5844420228735719,0.44150209372487575,11,0,True
448101,0,19.0,0,0.8930334983582616,0.7889167086343469,10,0,True
448304,0,21.0,0,0.669857063700715,0.5655171492804283,11,0,True
448801,1,19.0,1,5.530527798112591,1.6536231186599728,10,1,True
448802,1,21.0,1,4.592241935407713,1.7569881373227256,11,1,True
449903,1,7.0,1,2.7725403309860375,1.9367998567538056,4,1,True
450601,0,21.0,0,0.8852991696462327,0.8226378698047554,11,0,True
452301,0,19.0,0,0.8930334983582616,0.7559413657072067,10,0,True
452601,1,15.0,1,1.135308478011245,0.9233178708148846,8,0,False
453301,0,21.0,0,0.9573908976379011,0.9573908976379012,11,0,True
453401,0,21.0,0,0.7949386622838771,0.6560109960162172,11,0,True
453602,1,5.0,1,1.194085650047018,1.10696729300902,3,1,True
453702,0,15.0,0,0.7812287791679835,0.7041755437910883,8,0,True
453705,0,21.0,0,1.4663365844150293,1.4128922301578994,11,1,False
453802,0,19.0,0,0.9408792874652048,0.8591615708698657,10,0,True
454401,0,21.0,0,0.9573908976379011,0.7615743080625079,11,0,True
455302,0,1.0,0,1.1276924976083609,1.1276924976083609,1,0,True
455703,1,9.0,1,1.1859467194007576,1.1429998847325775,5,1,True
456402,0,7.0,0,1.360922818760917,1.360922818760917,4,1,False
457101,0,19.0,0,1.0947528780593296,0.9410318373675313,10,0,True
457102,1,5.0,1,1.693176965352637,1.426462476354512,3,1,True
457802,1,5.0,1,1.2471650858691077,1.156174147964618,3,1,True
458202,0,19.0,0,0.9327305789330237,0.8608340797220905,10,0,True
458402,1,7.0,1,5.912221917561425,3.54394873186555,4,1,True
458403,0,21.0,0,0.9087054566981844,0.9087054566981844,11,0,True
458501,1,15.0,1,1.6042486839784453,1.367235202367474,8,1,True
459002,1,11.0,1,0.9573908976379011,0.9573908976379011,6,0,False
459301,0,21.0,0,0.8462075202799433,0.6550054504388302,11,0,True
459401,0,19.0,0,1.9297108397793241,1.2792403923061877,10,1,False
460002,0,5.0,0,1.7684419834561016,1.4898715152817423,3,1,False
461301,0,21.0,0,1.7794558073853506,1.062673993619226,11,1,False
461402,1,5.0,1,2.4071552442699504,1.9778986250387944,3,1,True
461801,1,7.0,1,1.1222178104616287,0.8214841809387785,4,0,False
462501,0,19.0,0,0.9087054566981844,0.8237450592122117,10,0,True
463101,1,5.0,1,1.783891802090482,1.5028876305487229,3,1,True
463103,0,15.0,0,0.9327305789330237,0.9327305789330237,8,0,True
463104,0,15.0,0,0.9087054566981844,0.9087054566981844,8,0,True
463202,1,11.0,1,0.9087054566981844,0.9087054566981844,6,0,False
463701,1,5.0,1,2.2318035776856084,1.8324509873403485,3,1,True
463702,1,3.0,1,2.1032305856667115,1.538711428911175,2,1,True
463703,1,5.0,1,1.7531259716454057,1.4769681291724173,3,1,True
463801,0,21.0,0,0.8323481979430093,0.7734299941697564,11,0,True
463802,1,3.0,1,1.9898541673184706,1.4557658917597398,2,1,True
465101,0,19.0,0,2.694596434724689,2.1434132008622275,10,1,False
466203,1,19.0,1,5.673009618474724,1.6302367557539583,10,1,True
468301,1,13.0,1,1.0184030942655822,0.9690028101782878,7,0,False
468402,0,21.0,0,2.179188074192116,1.3627089275319284,11,1,False
468902,0,21.0,0,1.6987322823654807,1.3135707360935294,11,1,False
469001,0,19.0,0,0.9327305789330237,0.8918816942200657,10,0,True
469203,0,21.0,0,4.111778896364039,1.5960281898874775,11,1,False
471401,0,11.0,0,1.051887143168189,1.0381555373680618,6,0,True
472401,0,21.0,0,0.9327305789330237,0.7413291260302713,11,0,True
472602,1,7.0,1,1.2604018422014007,1.2604018422014007,4,1,True
472604,0,21.0,0,2.1444342221201955,1.222411396968885,11,1,False
473001,0,5.0,0,0.5844420228735719,0.5844420228735719,3,0,True
473002,0,21.0,0,0.83892761237191,0.7129928949270834,11,0,True
473302,0,21.0,0,0.8509036632680443,0.6588088825739107,11,0,True
474603,1,11.0,1,1.8858127266730011,1.7170452421482334,6,1,True
475705,0,21.0,0,1.6231174085988236,0.9978070356945982,11,1,False
477201,0,19.0,0,0.9327305789330237,0.9327305789330238,10,0,True
477401,1,9.0,1,1.3258683905997695,1.289242333536667,5,1,True
477702,1,11.0,1,0.9327305789330237,0.9065754558536527,6,0,False
478002,0,19.0,0,0.6526029946278536,0.5617598591442126,10,0,True
478301,1,5.0,1,2.411634521278239,2.1145886807761216,3,1,True
478302,1,11.0,1,0.9741922721556385,0.7751653478766904,6,0,False
478502,1,9.0,1,3.3268148692961055,1.5762494281510864,5,1,True
478701,1,5.0,1,0.6515528556385817,0.6515528556385817,3,0,False
479001,0,15.0,0,0.9166442721240777,0.9030429082440428,8,0,True
479002,0,19.0,0,0.9246524442264408,0.8906944238164064,10,0,True
479602,1,7.0,1,1.8310558399897134,1.6147306421441754,4,1,True
480102,0,7.0,0,0.8930334983582616,0.8930334983582616,4,0,True
480201,0,19.0,0,0.9087054566981844,0.7703745075889497,10,0,True
480302,1,5.0,1,0.9741922721556385,0.9741922721556385,3,0,False
482002,1,13.0,1,3.3660731171300666,1.301488357565353,7,1,True
483802,1,15.0,1,1.135308478011245,0.9233178708148846,8,0,False
483901,1,7.0,1,1.2604018422014007,1.2604018422014007,4,1,True
484202,0,21.0,0,0.9490991863842373,0.8163574472504874,11,0,True
484203,0,21.0,0,0.9490991863842373,0.785959162029262,11,0,True
484204,1,3.0,1,2.6946724634616395,1.8218858249229384,2,1,True
486303,0,19.0,0,0.8762195807985638,0.8168396437361627,10,0,True
486401,1,5.0,1,2.0937671912922586,1.630192693296511,3,1,True
486501,1,11.0,1,1.2471650858691077,1.2016696169168628,6,1,True
487104,1,13.0,1,3.7397487577879427,1.3948377203075668,7,1,True
487302,0,21.0,0,2.076377320892405,1.166972284122137,11,1,False
487303,0,21.0,0,5.089194200606066,1.8594340502055515,11,1,False
487601,0,19.0,0,0.9741922721556385,0.8625692919744937,10,0,True
488001,1,11.0,1,1.3266438877189703,1.2079182323960849,6,1,True
488002,1,13.0,1,1.0453284952783284,0.9946221247634852,7,0,False
488505,1,7.0,1,0.9008353972687915,0.9008353972687915,4,0,False
491002,1,9.0,1,1.2812786463960757,1.1436797187385719,5,1,True
491601,0,13.0,0,0.803175999557344,0.7767428498351069,7,0,True
492201,1,7.0,1,1.2067590490770634,1.008662331469386,4,1,True
492202,1,17.0,1,1.1755054665630915,0.9792790582772992,9,0,False
492702,0,21.0,0,1.1225288714082657,0.9982611685650497,11,0,True
492703,0,21.0,0,2.330673037284829,1.2106235808908772,11,1,False
493003,1,13.0,1,1.3491362234637099,1.337701166258416,7,1,True
493402,1,5.0,1,1.3237348636269028,1.3237348636269028,3,1,True
493801,0,13.0,0,0.9246524442264408,0.8464816764089439,7,0,True
494701,1,7.0,1,1.1240265427341103,0.8228082063958205,4,0,False
494801,0,9.0,0,0.7928342986709526,0.782184896537036,5,0,True
495201,1,3.0,1,1.7111474579295731,1.4332733775093656,2,1,True
495301,0,19.0,0,0.9264895353001233,0.8523432921791365,10,0,True
495302,1,3.0,1,21.98539084730802,11.673156833034469,2,1,True
495304,1,11.0,1,1.255938862184882,1.1581662786110911,6,1,True
495502,0,21.0,0,1.2456820850147803,1.0224811892934853,11,1,False
496202,1,17.0,1,1.9566549138644604,1.7506256525620143,9,1,True
496203,1,3.0,1,3.0903264897416673,2.015602888603436,2,1,True
497202,1,7.0,1,1.2150408108514439,1.1485554047346422,4,1,True
497303,1,5.0,1,1.085271510750134,0.9944899611728696,3,0,False
497404,1,5.0,1,1.7728343023824409,1.6434914770012947,3,1,True
497801,1,7.0,1,0.9657550486075613,0.9657550486075613,4,0,False
498401,0,17.0,0,0.9246524442264408,0.873204242136858,9,0,True
498901,0,21.0,0,1.5395129381635273,1.2996877496335082,11,1,False
498902,1,13.0,1,41.24908837846927,6.706240499539241,7,1,True
499003,0,21.0,0,1.84352993821018,1.1068503461393517,11,1,False
499101,0,19.0,0,0.9246524442264408,0.9246524442264408,10,0,True
