C0000100,y_true_any,first_event_year,last_observed_year,n_waves,max_hazard,cumulative_risk,prediction_0_50,correct_0_50
302,1,2000.0,2020.0,1,0.18313211448438552,0.1831321144843855,0,False
303,1,2002.0,2020.0,2,0.23910112219246235,0.4045732849224898,0,False
802,1,2000.0,2020.0,1,0.08067649924250292,0.08067649924250286,0,False
1001,0,,2020.0,11,0.13338187583382527,0.6697285682167753,1,False
1901,0,,2010.0,6,0.19184576203648634,0.6151460195436587,1,False
2502,1,2008.0,2020.0,5,0.24274631896703977,0.6715557005567192,1,True
3001,0,,2020.0,11,0.16616062840604084,0.703899005889449,1,False
3002,1,2002.0,2020.0,2,0.2047661530601935,0.3522688757744754,0,False
4301,1,2002.0,2020.0,2,0.16893598278592867,0.29557422611163886,0,False
4402,1,2002.0,2018.0,2,0.1310062916448156,0.23323642990518678,0,False
4902,1,2002.0,2020.0,2,0.41093433409025276,0.5520393765543928,1,True
5005,1,2008.0,2020.0,5,0.13790255753099565,0.46111471381832825,0,False
5702,1,2010.0,2020.0,6,0.20928300449875148,0.6140687994950298,1,True
6102,1,2010.0,2020.0,6,0.6485639352146974,0.9674355842141968,1,True
6203,1,2016.0,2020.0,9,0.8330882490907534,0.9520350263999504,1,True
6802,1,2010.0,2020.0,6,0.2878798287672831,0.8006117070968646,1,True
6803,1,2012.0,2020.0,7,0.36288635891052295,0.8085083779902766,1,True
8601,0,,2018.0,10,0.08680536324383992,0.31428276947390277,0,True
9101,1,2010.0,2020.0,6,0.23136930091125246,0.7572186890988784,1,True
9701,1,2002.0,2020.0,2,0.28585001306594887,0.39516499279970685,0,False
9801,1,2002.0,2020.0,2,0.3314257478620215,0.5351984881577334,1,True
9901,1,2002.0,2020.0,2,0.7348299851754263,0.8410287358769503,1,True
10002,1,2006.0,2010.0,4,0.7306301156663417,0.8895948209649908,1,True
10003,1,2006.0,2020.0,4,0.6719379086371401,0.8754704218526371,1,True
10201,1,2008.0,2016.0,5,0.2074506317951979,0.5099594936205878,1,True
11103,1,2002.0,2020.0,2,0.6457148933835398,0.7106282883307216,1,True
12402,1,2002.0,2020.0,2,0.37630368645924434,0.5098394576159195,1,True
13301,1,2006.0,2020.0,4,0.13790255753099565,0.408037076114526,0,False
13701,1,2000.0,2018.0,1,0.23172373104427613,0.23172373104427613,0,False
13801,1,2000.0,2018.0,1,0.14505981657224595,0.14505981657224598,0,False
14303,1,2004.0,2020.0,3,0.16652060305140645,0.3890975851211367,0,False
14304,1,2004.0,2018.0,3,0.12192745268587123,0.2959944003481264,0,False
14401,1,2006.0,2020.0,4,0.31105225939385617,0.692642131485534,1,True
14702,1,2004.0,2020.0,3,0.11504174370799893,0.2809079410538583,0,False
14902,1,2006.0,2018.0,4,0.43989996101059614,0.6829850294429769,1,True
15701,0,,2018.0,10,0.42265426312150767,0.9293682221909496,1,False
16102,1,2012.0,2020.0,7,0.5709403998001256,0.8840547464500875,1,True
17201,1,2006.0,2020.0,4,0.27347171374174967,0.48559875585306533,0,False
17402,1,2004.0,2012.0,3,0.20232732910296933,0.4048023190828216,0,False
17902,0,,2020.0,11,0.11086382096949186,0.5489651600845187,1,False
18302,1,2002.0,2006.0,2,0.18476623659758135,0.32088702065900787,0,False
18401,1,2014.0,2020.0,8,0.2907024549740044,0.6876664575704826,1,True
18601,1,2006.0,2018.0,4,0.6750966878863849,0.8757364912432609,1,True
19202,1,2010.0,2016.0,6,0.29289852611678413,0.8073353632023718,1,True
19701,1,2000.0,2010.0,1,0.15501364851803556,0.15501364851803556,0,False
20002,1,2002.0,2020.0,2,0.7730037486654289,0.8400459752406766,1,True
20503,1,2002.0,2020.0,2,0.13101511508395883,0.23325120649258568,0,False
21103,1,2014.0,2020.0,8,0.31098530284774106,0.7576594230659475,1,True
22101,1,2000.0,2020.0,1,0.3543947888367316,0.3543947888367316,0,False
22103,1,2004.0,2018.0,3,0.3322849189658167,0.6173287495094918,1,True
22402,0,,2018.0,10,0.15508702410955794,0.5845693087541156,1,False
22702,0,,2018.0,10,0.14358105987624067,0.6048084933799747,1,False
22703,1,2002.0,2018.0,2,0.20888093361193594,0.3586421389662018,0,False
22704,1,2010.0,2020.0,6,0.1940988576223973,0.5822787017160396,1,True
22801,0,,2018.0,10,0.0873835616260833,0.3797096939893597,0,True
23102,1,2008.0,2020.0,5,0.4845918662076662,0.7886933533759428,1,True
23602,1,2006.0,2018.0,4,0.332261554042011,0.7225224734935335,1,True
23603,1,2010.0,2018.0,6,0.1655493773254785,0.5921573428539462,1,True
23901,0,,2018.0,10,0.12837034828530164,0.5583836746563857,1,False
23902,1,2000.0,2006.0,1,0.22661218943476905,0.22661218943476902,0,False
23903,1,2000.0,2018.0,1,0.19565368009545026,0.19565368009545026,0,False
24402,0,,2016.0,9,0.11218197428019565,0.44948877278663224,0,True
24902,1,2002.0,2018.0,2,0.6984329193340449,0.9010687470136316,1,True
24904,1,2016.0,2020.0,9,0.7326905109889692,0.889662770146349,1,True
25002,1,2002.0,2020.0,2,0.336772396012367,0.4604751390041947,0,False
25401,0,,2018.0,10,0.11961365421993282,0.46360454685353336,0,True
25403,1,2004.0,2012.0,3,0.47313349650921505,0.7374306455995858,1,True
25501,0,,2002.0,2,0.10742706439543402,0.19329422747655434,0,True
25502,1,2002.0,2018.0,2,0.10539000642866314,0.18980105850139062,0,False
27202,1,2002.0,2016.0,2,0.642480335320798,0.7072347978663094,1,True
27502,1,2006.0,2020.0,4,0.3456628868461479,0.5591842302677339,1,True
28501,0,,2018.0,10,0.12214221490908399,0.5878719521604294,1,False
28503,1,2000.0,2018.0,1,0.3385773723688252,0.33857737236882524,0,False
28702,1,2006.0,2020.0,4,0.38293719555919525,0.7912097600108399,1,True
28804,1,2012.0,2020.0,7,0.18751471380120602,0.6378321096347288,1,True
28805,1,2012.0,2020.0,7,0.17990768685178057,0.6123966475660703,1,True
28901,0,,2018.0,10,0.12615570115181393,0.46973799250522696,0,True
29001,0,,2020.0,11,0.10686322295407095,0.5390912773736382,1,False
29002,0,,2020.0,11,0.1328493407399958,0.6082016376222779,1,False
29401,0,,2020.0,11,0.12837122761469233,0.4496393597781899,0,True
31401,0,,2018.0,10,0.09501361587575102,0.4889670615343955,0,True
31402,0,,2020.0,11,0.16402033258841267,0.6264291091861625,1,False
31404,0,,2020.0,11,0.18118421596801143,0.6576949416260971,1,False
31405,0,,2018.0,10,0.339241083851395,0.9128946080216109,1,False
32103,0,,2006.0,4,0.15958649422574303,0.4180374712737899,0,True
32201,1,2000.0,2018.0,1,0.13394487847210826,0.13394487847210823,0,False
32203,0,,2020.0,11,0.24585832994682344,0.8656357761518932,1,False
34001,0,,2018.0,10,0.16288316561496755,0.7368873004058811,1,False
34003,0,,2018.0,10,0.3831688325591936,0.9379990349332425,1,False
34401,1,2000.0,2008.0,1,0.40222402195776374,0.40222402195776374,0,False
34702,1,2002.0,2016.0,2,0.32276735431326137,0.44269939128386604,0,False
37103,0,,2020.0,11,0.11913154800918117,0.6398012711523614,1,False
37403,1,2000.0,2006.0,1,0.12028988932972894,0.12028988932972895,0,False
38502,1,2002.0,2020.0,2,0.2550988843093418,0.42826002830971055,0,False
39004,1,2014.0,2020.0,8,0.0956728008777828,0.5143230349208083,1,True
39502,1,2002.0,2020.0,2,0.23753389739889832,0.4022293469121213,0,False
39701,0,,2018.0,10,0.07369364430046753,0.3406488680287768,0,True
39702,1,2000.0,2020.0,1,0.11785154301588972,0.11785154301588974,0,False
39703,1,2002.0,2010.0,2,0.21973950540594736,0.37532370955217786,0,False
39704,1,2018.0,2020.0,10,0.1536350746792179,0.6613597308460615,1,True
39901,1,2002.0,2018.0,2,0.2184560348864638,0.3733623358543192,0,False
40101,1,2000.0,2020.0,1,0.1849056107889831,0.18490561078898304,0,False
40102,1,2004.0,2018.0,3,0.33561343164498647,0.6727302348857047,1,True
40201,0,,2018.0,10,0.09363809234084357,0.40907977667237283,0,True
40701,1,2010.0,2020.0,6,0.8295687733770947,0.9670636460264478,1,True
41602,1,2002.0,2020.0,2,0.6362489885379816,0.7006865956173757,1,True
41604,1,2004.0,2020.0,3,0.20705662546755513,0.4203782757452563,0,False
42502,1,2000.0,2020.0,1,0.06359153198190083,0.06359153198190082,0,False
42701,1,2018.0,2018.0,10,0.09988557349240983,0.4920223966146128,0,False
42801,0,,2012.0,7,0.09295149659025649,0.4627774858675878,0,True
43702,1,2014.0,2018.0,8,0.2738863867472155,0.7490529072552163,1,True
43801,1,2002.0,2016.0,2,0.31101968012399067,0.5076003288131381,1,True
44901,1,2012.0,2020.0,7,0.15718284061398993,0.5717491825109167,1,True
44902,1,2016.0,2020.0,9,0.6542229567749763,0.8274144003316912,1,True
45502,1,2008.0,2020.0,5,0.1803535443696996,0.5818450863653779,1,True
45801,1,2008.0,2020.0,5,0.28889109774891303,0.6400049994652253,1,True
45901,1,2004.0,2020.0,3,0.3362326631923713,0.5163649421799836,1,True
45902,1,2008.0,2020.0,5,0.6193627717886588,0.9320387403872538,1,True
46501,1,2000.0,2018.0,1,0.5008601879325355,0.5008601879325355,1,True
47102,1,2000.0,2014.0,1,0.1277901345114663,0.12779013451146626,0,False
47802,0,,2016.0,9,0.10212328840154082,0.4097555187413773,0,True
48502,1,2006.0,2020.0,4,0.22930159164465042,0.5652802465260176,1,True
48503,1,2006.0,2020.0,4,0.3202053672793507,0.7119471802924827,1,True
49201,1,2004.0,2018.0,3,0.3269193883418861,0.5530256939375201,1,True
49202,1,2006.0,2020.0,4,0.45193466007696587,0.6976533139110563,1,True
49402,0,,2018.0,10,0.18486065376835345,0.7484091718807906,1,False
50101,1,2014.0,2018.0,8,0.25676137138787036,0.632660112164643,1,True
50102,1,2016.0,2020.0,9,0.8433924190539926,0.9502884035351687,1,True
50302,0,,2020.0,11,0.18204780570535256,0.6979237667199198,1,False
50303,1,2006.0,2018.0,4,0.12820762562695456,0.3872469355610837,0,False
50701,1,2002.0,2018.0,2,0.19933701871400633,0.34381630841641486,0,False
52501,0,,2020.0,11,0.10928140389409534,0.5896083570994461,1,False
52901,1,2004.0,2010.0,3,0.08917315030588782,0.22251072953895323,0,False
52902,0,,2004.0,3,0.22315914357499564,0.49608208594815817,0,True
52903,0,,2012.0,7,0.20923880469556683,0.7696799242212056,1,False
53301,1,2008.0,2020.0,5,0.20522916169200203,0.5278399989607276,1,True
53602,1,2006.0,2020.0,4,0.34019031066799177,0.7743464136662659,1,True
54801,0,,2020.0,11,0.1268468914176673,0.520289815357654,1,False
55002,0,,2020.0,11,0.12941442152068364,0.6079206376176776,1,False
55702,1,2006.0,2020.0,4,0.4662819892456845,0.8441718990749162,1,True
55803,1,2010.0,2020.0,6,0.34988677039699184,0.8583305706056374,1,True
56301,0,,2012.0,7,0.08862755320896394,0.3735969721027035,0,True
56303,1,2006.0,2020.0,4,0.1288115220326018,0.3529616492608516,0,False
56701,1,2006.0,2020.0,4,0.1720724598200087,0.44496187946715005,0,False
56801,1,2004.0,2014.0,3,0.4575118668773708,0.7711077973353091,1,True
58201,1,2002.0,2020.0,2,0.3076980169329838,0.42341263317445044,0,False
58503,1,2006.0,2020.0,4,0.18753808273280506,0.5210237788511868,1,True
58804,1,2008.0,2020.0,5,0.44636904852438614,0.8233557498459569,1,True
60401,0,,2006.0,4,0.30087524614258193,0.6391841112382668,1,False
60402,1,2006.0,2012.0,4,0.39633459787143327,0.7672720919766332,1,True
60403,1,2006.0,2020.0,4,0.5937480218766058,0.8249604051107225,1,True
61803,1,2006.0,2020.0,4,0.12706506381229957,0.38112529630865033,0,False
61901,0,,2016.0,9,0.06319836280385652,0.32567333730020753,0,True
61902,0,,2008.0,5,0.10559034337137346,0.38021831505421644,0,True
64201,0,,2016.0,9,0.12034916781620938,0.5655736733349741,1,False
64202,1,2006.0,2018.0,4,0.11762489372738352,0.3601030948826919,0,False
66801,0,,2020.0,11,0.17098963909459566,0.660040084373783,1,False
67701,1,2002.0,2018.0,2,0.23521008088034726,0.3987461643141583,0,False
67702,1,2000.0,2018.0,1,0.22705177875987867,0.2270517787598787,0,False
68901,0,,2020.0,11,0.5118794294139342,0.9975815483497963,1,False
68902,1,2008.0,2020.0,5,0.2767770681929884,0.7688779921304334,1,True
68903,0,,2020.0,11,0.22056109960757597,0.8197859727638723,1,False
69201,0,,2018.0,10,0.0924660126849711,0.4002622655061632,0,True
69601,1,2006.0,2014.0,4,0.12596163643069447,0.38155436552343314,0,False
69802,0,,2010.0,6,0.060067920126876125,0.22098490767881862,0,True
70402,1,2002.0,2014.0,2,0.17409944968342914,0.3038764987612592,0,False
72001,0,,2018.0,10,0.11063335441913463,0.5055078880249771,1,False
72101,1,2002.0,2020.0,2,0.20038465289880295,0.34545121331263584,0,False
72102,1,2004.0,2018.0,3,0.1532059104428636,0.3621276597461528,0,False
72402,1,2002.0,2018.0,2,0.49289545466176804,0.7273053333540558,1,True
73301,1,2002.0,2018.0,2,0.29373859004578473,0.4836597856420831,0,False
73302,1,2002.0,2018.0,2,0.37276488968777793,0.5888571908408434,1,True
73304,1,2006.0,2020.0,4,0.16756244164549805,0.4406512910840108,0,False
73903,1,2002.0,2020.0,2,0.19058512137380965,0.3300864989311556,0,False
74601,1,2000.0,2020.0,1,0.4013644264515439,0.4013644264515439,0,False
74602,1,2004.0,2020.0,3,0.6230284031348277,0.8837660746713938,1,True
75501,0,,2020.0,11,0.10294056509808774,0.41770951293921543,0,True
75601,1,2000.0,2020.0,1,0.20346155260112847,0.20346155260112853,0,False
75602,1,2000.0,2018.0,1,0.36241557451469353,0.36241557451469353,0,False
75603,1,2002.0,2020.0,2,0.22283344642034678,0.38004036217584236,0,False
75904,1,2008.0,2020.0,5,0.27395082373750357,0.6999688860694885,1,True
76101,1,2016.0,2016.0,9,0.10320929219465724,0.4800752841640813,0,False
76102,1,2000.0,2020.0,1,0.2212014970104519,0.2212014970104519,0,False
76103,1,2006.0,2020.0,4,0.5393407383103316,0.7996861922151232,1,True
76403,1,2002.0,2010.0,2,0.6472040316976934,0.7553829523868252,1,True
76803,1,2002.0,2018.0,2,0.5095009192452923,0.6077282116137795,1,True
77501,1,2002.0,2014.0,2,0.17108803930175473,0.2990398728329565,0,False
78301,1,2000.0,2014.0,1,0.09272622808212463,0.0927262280821246,0,False
79001,1,2008.0,2020.0,5,0.24368652428709295,0.707639580590623,1,True
80301,0,,2018.0,10,0.08228889590309353,0.3832135950693977,0,True
80401,1,2002.0,2020.0,2,0.818110031991285,0.9127324538210647,1,True
80402,1,2002.0,2012.0,2,0.24841150488733688,0.4184116332396596,0,False
81101,1,2008.0,2020.0,5,0.43013640068107223,0.806683940658216,1,True
81601,0,,2018.0,10,0.15743742188120846,0.6917077415320687,1,False
81602,0,,2020.0,11,0.13171799741136384,0.6999029924542022,1,False
82001,1,2012.0,2020.0,7,0.16070884586777062,0.5807450312805779,1,True
82802,1,2006.0,2020.0,4,0.24544748986620432,0.5942546812760241,1,True
83001,0,,2020.0,11,0.0795810107852447,0.36067164414544883,0,True
83101,1,2000.0,2018.0,1,0.398442635082652,0.398442635082652,0,False
83102,1,2002.0,2020.0,2,0.37862746364455435,0.5962209191641562,1,True
83103,1,2008.0,2020.0,5,0.3445584420124493,0.8530662768529932,1,True
83401,0,,2020.0,11,0.2578112535598891,0.7726379149584449,1,False
83601,1,2006.0,2016.0,4,0.09598098599222381,0.29927274250222735,0,False
83602,1,2000.0,2018.0,1,0.37006415477472093,0.370064154774721,0,False
84102,1,2002.0,2020.0,2,0.5764672721866773,0.8078111050132907,1,True
85404,1,2012.0,2020.0,7,0.43764805151743696,0.805966445094319,1,True
85501,0,,2020.0,11,0.1522801395329772,0.621846581679476,1,False
85502,1,2002.0,2020.0,2,0.34105109957356683,0.46587659547045535,0,False
85601,0,,2020.0,11,0.09664104854828326,0.3440523295072102,0,True
85603,1,2000.0,2010.0,1,0.2242776472168393,0.2242776472168393,0,False
86202,0,,2014.0,8,0.11728638826886269,0.4780106746564843,0,True
87604,1,2014.0,2020.0,8,0.16097029256843473,0.6985861461854809,1,True
88002,1,2002.0,2018.0,2,0.23481648550728548,0.3981552929486105,0,False
88601,1,2012.0,2020.0,7,0.15718284061398993,0.5979235116938768,1,True
88701,1,2002.0,2020.0,2,0.6175606187493966,0.6809682141881881,1,True
88702,1,2004.0,2020.0,3,0.4842379531617851,0.7357199629992944,1,True
89501,0,,2002.0,2,0.19106598767783775,0.269025074335838,0,True
89801,1,2004.0,2018.0,3,0.3318229569926014,0.5599054959317309,1,True
90602,1,2010.0,2018.0,6,0.1329328512663936,0.5337672710103657,1,True
90603,1,2010.0,2020.0,6,0.5920692021811835,0.7761224683257595,1,True
92802,1,2000.0,2018.0,1,0.16471414823084826,0.1647141482308483,0,False
93202,0,,2018.0,10,0.10664454305720797,0.40119747928979177,0,True
93901,0,,2000.0,1,0.08005160273941916,0.08005160273941914,0,True
94001,0,,2020.0,11,0.22774835792318707,0.8515219357009478,1,False
95001,1,2008.0,2020.0,5,0.21154942788395376,0.6183243695845895,1,True
95301,1,2000.0,2020.0,1,0.07566542435966492,0.07566542435966495,0,False
95302,1,2000.0,2014.0,1,0.2213330071674731,0.22133300716747306,0,False
96201,1,2000.0,2020.0,1,0.09675677707338992,0.09675677707338992,0,False
97101,1,2008.0,2020.0,5,0.354018722452517,0.7125586955363232,1,True
97402,1,2002.0,2014.0,2,0.162242926677302,0.2847467069653309,0,False
97501,0,,2002.0,2,0.13877019412419292,0.2461892707397242,0,True
97902,1,2002.0,2018.0,2,0.38543415366986267,0.6046933605258925,1,True
98601,0,,2018.0,10,0.1131217822785863,0.6565869587603765,1,False
100503,1,2002.0,2020.0,2,0.17831176217097772,0.31061659350490467,0,False
100504,1,2004.0,2004.0,3,0.20492156417144716,0.46298785824450206,0,False
100901,0,,2008.0,5,0.05346413333424931,0.1966073647113974,0,True
101503,1,2006.0,2020.0,4,0.22227433303416183,0.5058314864677149,1,True
101801,0,,2006.0,4,0.17178467693381902,0.4443503579050454,0,True
101901,1,2014.0,2020.0,8,0.27472516341516207,0.6329395693773648,1,True
101902,1,2016.0,2020.0,9,0.8978210056229156,0.9746957496821572,1,True
101903,1,2018.0,2020.0,10,0.6368863062093476,0.8905088266658884,1,True
103001,1,2002.0,2020.0,2,0.06948778455379148,0.12713463742809183,0,False
103002,0,,2020.0,11,0.14245650659001988,0.7221459824684847,1,False
103302,1,2002.0,2006.0,2,0.3621600512341566,0.4923189235822538,0,False
103502,1,2004.0,2018.0,3,0.13869778248432355,0.33193921839374174,0,False
103601,0,,2020.0,11,0.10587135019348595,0.5200870891395696,1,False
103801,1,2006.0,2020.0,4,0.5987470652210561,0.8330556426412112,1,True
105602,0,,2014.0,8,0.14869781360662718,0.5917811936926045,1,False
105702,0,,2018.0,10,0.11831186318188727,0.467404804912239,0,True
105703,1,2002.0,2016.0,2,0.08726285512143137,0.15842038393787927,0,False
106501,1,2002.0,2018.0,2,0.3737696007578304,0.5901235258345476,1,True
106901,0,,2010.0,6,0.1977936098584103,0.6279372680888948,1,False
106902,1,2000.0,2018.0,1,0.37751427471400456,0.37751427471400456,0,False
107003,1,2010.0,2020.0,6,0.09425528490038196,0.3338437984072532,0,False
107601,0,,2016.0,9,0.17470045988348015,0.6004871726623366,1,False
108003,1,2008.0,2020.0,5,0.8026726276291415,0.9824907089229252,1,True
108201,1,2006.0,2020.0,4,0.5371141005598893,0.7714658977930009,1,True
108202,1,2010.0,2020.0,6,0.5756736910973913,0.944000037269711,1,True
108805,1,2014.0,2020.0,8,0.5012053340743474,0.8423065486435979,1,True
109001,1,2006.0,2010.0,4,0.09367685057974025,0.29561698669555503,0,False
110801,1,2010.0,2010.0,6,0.22559685110417968,0.7502844395884567,1,True
111001,1,2010.0,2018.0,6,0.11939129133307236,0.45637009036634746,0,False
111101,0,,2010.0,6,0.0493454277095496,0.20016726987372746,0,True
111102,1,2002.0,2010.0,2,0.20864204650931012,0.35827291261049343,0,False
111201,1,2002.0,2018.0,2,0.23202252820180996,0.3939533986619551,0,False
111601,1,2002.0,2018.0,2,0.12392556604587253,0.22133729162634241,0,False
111702,1,2008.0,2020.0,5,0.11513291980908277,0.38065731605772146,0,False
111703,1,2016.0,2020.0,9,0.923013146704774,0.9862480001276687,1,True
113201,1,2002.0,2018.0,2,0.38871715810752927,0.6087500985142011,1,True
114102,0,,2010.0,6,0.16371883780899762,0.6197282075495368,1,False
114702,1,2010.0,2020.0,6,0.19094116583852982,0.5754439867605485,1,True
115702,1,2008.0,2020.0,5,0.21283506481983974,0.5204867231584795,1,True
115802,1,2002.0,2020.0,2,0.3175502434889967,0.43604072978497543,0,False
116102,0,,2020.0,11,0.2674013673331106,0.8354468024066937,1,False
116301,0,,2010.0,6,0.0741743443095895,0.278789416461137,0,True
116302,1,2002.0,2012.0,2,0.3886550199536234,0.6086734953510786,1,True
117001,1,2002.0,2014.0,2,0.14122909313263754,0.2502709289117221,0,False
117004,1,2008.0,2018.0,5,0.18688927597523897,0.5612719649223116,1,True
117701,1,2004.0,2018.0,3,0.42627950958520916,0.7367643477971151,1,True
117902,1,2002.0,2018.0,2,0.32550169945318075,0.5272617245428264,1,True
118102,1,2004.0,2018.0,3,0.25363102523170444,0.5511306781765223,1,True
118703,1,2008.0,2020.0,5,0.42958793923908023,0.8214591237208667,1,True
118902,1,2004.0,2018.0,3,0.1058259396702832,0.2604159359035372,0,False
119502,1,2014.0,2020.0,8,0.20050783796661126,0.6306077034555926,1,True
119901,0,,2018.0,10,0.06900917035754733,0.28770389918170713,0,True
120002,1,2006.0,2020.0,4,0.13151878069171308,0.3922848384030443,0,False
120202,1,2004.0,2008.0,3,0.1544848749943907,0.3647487644781259,0,False
120301,1,2004.0,2008.0,3,0.265443564991021,0.567962006058929,1,True
120302,1,2004.0,2008.0,3,0.20231525859360813,0.45815407280444176,0,False
120901,0,,2010.0,6,0.085113380661301,0.30196170377087184,0,True
121002,1,2000.0,2010.0,1,0.0502908438579564,0.05029084385795635,0,False
122102,1,2014.0,2018.0,8,0.1402786978440586,0.5076476573859203,1,True
122103,1,2004.0,2018.0,3,0.4734309210874654,0.7819562846191844,1,True
122301,1,2006.0,2020.0,4,0.29169542492693934,0.5755421671045392,1,True
122401,0,,2018.0,10,0.04918302752600694,0.2723306606705833,0,True
122501,0,,2018.0,10,0.07760576180631265,0.38215205608572,0,True
123001,0,,2020.0,11,0.07173646283082905,0.3923669123312068,0,True
123102,1,2014.0,2020.0,8,0.1659370086032654,0.5440115245404495,1,True
123301,0,,2018.0,10,0.10364196086956773,0.40938466177139987,0,True
123402,1,2016.0,2018.0,9,0.8179868197690834,0.938301189495894,1,True
123804,1,2002.0,2018.0,2,0.3175831925163363,0.516556713499174,1,True
124104,1,2004.0,2018.0,3,0.15161485172380676,0.2894710590875381,0,False
124601,1,2000.0,2018.0,1,0.22300375735029876,0.22300375735029876,0,False
125002,1,2002.0,2018.0,2,0.21907380097954107,0.37430674089661886,0,False
125003,1,2006.0,2020.0,4,0.1345609922792569,0.3998272558473115,0,False
126902,0,,2004.0,3,0.14163300180735142,0.3381145223508091,0,True
127002,1,2014.0,2016.0,8,0.15057558260605258,0.6387896990433786,1,True
127701,0,,2004.0,3,0.12018927696954362,0.2940900813124405,0,True
127901,0,,2020.0,11,0.12970050418042608,0.6752033907795203,1,False
127902,1,2002.0,2016.0,2,0.7996251505270972,0.8656259285387196,1,True
127903,1,2004.0,2016.0,3,0.2888656151809478,0.5462154640859058,1,True
128602,1,2008.0,2020.0,5,0.5824134465123777,0.8684313689821888,1,True
129001,0,,2020.0,11,0.07436766140318458,0.3800893639114489,0,True
129002,1,2000.0,2018.0,1,0.3551149659564184,0.35511496595641834,0,False
129501,1,2004.0,2016.0,3,0.5085704531289191,0.814734639774776,1,True
129701,1,2002.0,2002.0,2,0.0902231223694086,0.16358131767270268,0,False
129703,0,,2000.0,1,0.35486760353047786,0.35486760353047786,0,True
130602,1,2002.0,2020.0,2,0.6784856819518205,0.8878296412937257,1,True
130803,0,,2004.0,3,0.1792750943717419,0.41427770711484824,0,True
131302,1,2008.0,2018.0,5,0.27593470207310117,0.6809509554627734,1,True
132201,1,2002.0,2018.0,2,0.21245674186727895,0.3641574596420549,0,False
132602,1,2016.0,2020.0,9,0.7253752002356249,0.8713538234980085,1,True
132701,1,2002.0,2020.0,2,0.7017821167266928,0.7687588637797467,1,True
135201,0,,2018.0,10,0.14526071614187167,0.49741444670904034,0,True
135202,0,,2006.0,4,0.1495752366907008,0.43959578709717406,0,True
135203,1,2002.0,2018.0,2,0.2982921855745437,0.4900185697560906,0,False
135601,1,2006.0,2020.0,4,0.6325795628712244,0.8633621804162097,1,True
135602,1,2008.0,2020.0,5,0.49163140642762765,0.9265942228857246,1,True
135903,1,2012.0,2020.0,7,0.39298738029253955,0.8936018944182299,1,True
136102,1,2010.0,2018.0,6,0.10693311901169501,0.44927085482689566,0,False
136601,1,2012.0,2020.0,7,0.7037200352799977,0.8943340723249612,1,True
137801,1,2000.0,2020.0,1,0.1468243658622636,0.14682436586226366,0,False
138101,1,2004.0,2020.0,3,0.21420726375293872,0.48249082503901575,0,False
138102,1,2000.0,2018.0,1,0.14783942972039008,0.1478394297203901,0,False
138103,1,2004.0,2018.0,3,0.13723465850886796,0.3308936570313995,0,False
138803,0,,2006.0,4,0.2000934684551503,0.5508410261950678,1,False
138902,1,2000.0,2018.0,1,0.23753068989288728,0.23753068989288728,0,False
139101,0,,2014.0,8,0.11178107896678434,0.397431060305662,0,True
139402,0,,2020.0,11,0.08721624750267391,0.38797525612026795,0,True
139802,1,2002.0,2018.0,2,0.2252309573084238,0.3836841853910018,0,False
140601,1,2012.0,2020.0,7,0.05192487153271561,0.20726359133157046,0,False
140606,1,2002.0,2012.0,2,0.23202537756139058,0.3939576906281246,0,False
140901,0,,2020.0,11,0.15069775301122784,0.6861883084089704,1,False
141401,1,2002.0,2018.0,2,0.10411907172222834,0.18761823416015133,0,False
141403,1,2002.0,2018.0,2,0.07641740807361186,0.1393918024052857,0,False
141405,0,,2014.0,8,0.16162399535012242,0.7143782461617227,1,False
141503,1,2004.0,2018.0,3,0.13345146261327823,0.3208158155994678,0,False
141504,1,2012.0,2016.0,7,0.1450662783996226,0.5386871292533211,1,True
141505,1,2006.0,2020.0,4,0.1748395596369315,0.4973747052979064,0,False
141603,0,,2020.0,11,0.11011134296356306,0.42821154048040155,0,True
142302,0,,2020.0,11,0.07637482952192215,0.29445151591452523,0,True
142304,0,,2016.0,9,0.1560549641726014,0.6189004609850652,1,False
143503,1,2004.0,2018.0,3,0.24777844633785104,0.48149998414967754,0,False
143601,0,,2020.0,11,0.15803141551391728,0.5064314771386649,1,False
143603,1,2000.0,2020.0,1,0.4257124435661939,0.42571244356619387,0,False
143702,1,2002.0,2018.0,2,0.3617271297348153,0.5748267206571444,1,True
143703,1,2002.0,2020.0,2,0.2002827943472667,0.3452923368925871,0,False
143801,0,,2018.0,10,0.0636849407429607,0.33417826961255104,0,True
143802,1,2002.0,2018.0,2,0.16419525914530383,0.28791271254333095,0,False
143803,1,2004.0,2016.0,3,0.3247036980549673,0.6576009337045066,1,True
144001,0,,2018.0,10,0.12063979014150054,0.5096583898024831,1,False
144301,1,2000.0,2020.0,1,0.12602882399920137,0.12602882399920134,0,False
144303,1,2016.0,2020.0,9,0.5960441854250378,0.7789763844250288,1,True
145102,0,,2018.0,10,0.1816088155546396,0.6981293889010377,1,False
145401,1,2000.0,2004.0,1,0.15215555942825237,0.15215555942825243,0,False
145402,1,2004.0,2010.0,3,0.21167790629461378,0.4753967326269507,0,False
145504,0,,2016.0,9,0.11609541914218857,0.4940987689475512,0,True
146001,1,2016.0,2018.0,9,0.13019736219799052,0.6749200536783485,1,True
146903,0,,2020.0,11,0.26877359446771293,0.8261234276995837,1,False
148201,1,2000.0,2006.0,1,0.05653576635962019,0.05653576635962021,0,False
148202,0,,2020.0,11,0.08190331630738645,0.37004813574790774,0,True
148902,1,2000.0,2002.0,1,0.19758123751543452,0.19758123751543455,0,False
149101,0,,2018.0,10,0.12795322452333655,0.5164720398489506,1,False
149402,1,2002.0,2018.0,2,0.2760365311980239,0.45859881721191065,0,False
149501,1,2000.0,2014.0,1,0.04799517828124753,0.04799517828124755,0,False
149901,0,,2020.0,11,0.2610110788212772,0.795766798507916,1,False
150202,1,2006.0,2020.0,4,0.302950815979244,0.6423324321686603,1,True
150701,0,,2008.0,5,0.20491653876108992,0.609633279336584,1,False
151201,1,2004.0,2018.0,3,0.3085535883484516,0.5833323779909071,1,True
151202,1,2006.0,2020.0,4,0.18115031601229004,0.5074022953455118,1,True
151902,1,2000.0,2020.0,1,0.2441551331726582,0.24415513317265813,0,False
151903,1,2002.0,2020.0,2,0.4181126606330386,0.5606575256561279,1,True
152505,1,2008.0,2020.0,5,0.31716680826661864,0.7898673918842376,1,True
153301,1,2000.0,2016.0,1,0.18362465399822997,0.18362465399823003,0,False
153302,1,2000.0,2018.0,1,0.19680458494340197,0.19680458494340192,0,False
153401,0,,2002.0,2,0.119733494386886,0.2142539182280757,0,True
153402,1,2002.0,2016.0,2,0.5604093470595605,0.6637475130075391,1,True
153802,1,2004.0,2020.0,3,0.16601057304297231,0.39034020411053816,0,False
153901,0,,2020.0,11,0.1457218163234187,0.7461243419230312,1,False
153902,1,2002.0,2020.0,2,0.43098689067315943,0.5759985955598339,1,True
154001,1,2016.0,2020.0,9,0.09187729323426856,0.5052218748910364,1,True
154403,0,,2020.0,11,0.15783696669688244,0.6649217851610035,1,False
154602,0,,2000.0,1,0.0954146946198982,0.09541469461989815,0,True
154801,1,2000.0,2020.0,1,0.06881703134577423,0.06881703134577422,0,False
154903,1,2002.0,2020.0,2,0.30986038908532526,0.5060105721235335,1,True
154904,1,2000.0,2016.0,1,0.335340728232225,0.33534072823222494,0,False
155102,0,,2018.0,10,0.09448538970399684,0.4464100963908044,0,True
155201,0,,2018.0,10,0.09550612816921744,0.3995552053583906,0,True
155301,1,2004.0,2018.0,3,0.2671259762080588,0.5706836774511929,1,True
156601,0,,2018.0,10,0.09051544708578872,0.4000060005230598,0,True
156603,1,2000.0,2012.0,1,0.12714319279090291,0.12714319279090291,0,False
156605,1,2000.0,2020.0,1,0.23732194116052427,0.2373219411605243,0,False
157102,1,2004.0,2018.0,3,0.27000143081617023,0.5753111203883023,1,True
158101,0,,2020.0,11,0.2487254619773972,0.9106073547421776,1,False
158301,0,,2018.0,10,0.1705823637028607,0.6486995111988373,1,False
158401,1,2002.0,2018.0,2,0.1420596938269952,0.2516474427232266,0,False
158402,1,2000.0,2020.0,1,0.43743367457937204,0.4374336745793721,0,False
158701,1,2002.0,2020.0,2,0.4225394690555996,0.5091265066050437,1,True
159301,1,2002.0,2006.0,2,0.22843276104451515,0.38853522319484257,0,False
159605,1,2002.0,2020.0,2,0.7958508852844729,0.8620442391016937,1,True
159901,0,,2018.0,10,0.13103015016718453,0.5439776012332063,1,False
160002,0,,2018.0,10,0.09667771111061998,0.34784394290954246,0,True
160004,0,,2018.0,10,0.07546609565468336,0.36749191363294675,0,True
160601,0,,2020.0,11,0.2965446649183033,0.8991927866134596,1,False
160602,1,2010.0,2020.0,6,0.27225201895968426,0.8226004056214544,1,True
160801,0,,2016.0,9,0.17844176999797576,0.6485162053888291,1,False
160901,0,,2018.0,10,0.04807027552167438,0.2737682020178204,0,True
161002,0,,2020.0,11,0.07902377025494332,0.37309273186189684,0,True
161702,1,2000.0,2018.0,1,0.43396607421369404,0.43396607421369404,0,False
162501,0,,2020.0,11,0.12264554701286674,0.6449246790772516,1,False
162902,1,2004.0,2018.0,3,0.6944186573748056,0.9151375881881996,1,True
163802,1,2004.0,2020.0,3,0.06375771129541517,0.16246709845637097,0,False
164002,1,2004.0,2010.0,3,0.40346700714842787,0.7032381548222506,1,True
164803,1,2010.0,2020.0,6,0.1439544303101833,0.49145347102322867,0,False
165003,1,2008.0,2020.0,5,0.19140292798084058,0.5467621946967409,1,True
167501,1,2002.0,2020.0,2,0.2829586193633166,0.3914020330867076,0,False
167502,1,2006.0,2020.0,4,0.2179069072818516,0.5370001613605879,1,True
167602,1,2004.0,2020.0,3,0.16688169795268795,0.3898192591104398,0,False
168501,1,2018.0,2020.0,10,0.7709347654713262,0.9579248115548304,1,True
169002,0,,2020.0,11,0.10337194751375996,0.5186456657791857,1,False
169003,1,2002.0,2018.0,2,0.336370610340881,0.5417761258745215,1,True
169004,1,2002.0,2018.0,2,0.1549083305216784,0.2727961835362104,0,False
169102,0,,2020.0,11,0.11077073924234113,0.6826700388126281,1,False
170501,1,2006.0,2010.0,4,0.13869778248432355,0.4133532334438764,0,False
172302,1,2002.0,2004.0,2,0.11775449566795228,0.2109000275629448,0,False
172701,0,,2014.0,8,0.18120488264801618,0.5998555545940427,1,False
172902,1,2018.0,2018.0,10,0.16365188129317748,0.6686603467124655,1,True
172903,1,2000.0,2002.0,1,0.11207417333702291,0.11207417333702296,0,False
173302,1,2008.0,2020.0,5,0.35764535735552755,0.7429253756704131,1,True
173401,1,2004.0,2008.0,3,0.3047680943814165,0.6288631105847757,1,True
173701,1,2016.0,2020.0,9,0.746933302765084,0.883124417551788,1,True
174502,1,2014.0,2020.0,8,0.17256860946973807,0.5922079806031838,1,True
174503,1,2016.0,2020.0,9,0.20539834673346852,0.689335777951028,1,True
174701,1,2008.0,2018.0,5,0.12579955684274927,0.4166197274193457,0,False
175401,1,2004.0,2020.0,3,0.08755807655483962,0.21877419482204674,0,False
175801,1,2008.0,2018.0,5,0.3480065897887858,0.7833499253796095,1,True
176001,0,,2018.0,10,0.07407073977323973,0.34378098746661867,0,True
177601,1,2004.0,2020.0,3,0.3710008591359937,0.6131921800823031,1,True
178501,0,,2018.0,10,0.08729728580619672,0.36002108738915284,0,True
178503,1,2004.0,2018.0,3,0.6190060224779217,0.8808070282212639,1,True
178601,0,,2020.0,11,0.20918636405613633,0.7516884155954933,1,False
178604,1,2008.0,2020.0,5,0.5722658768033252,0.8598257861362277,1,True
178903,0,,2018.0,10,0.15592273573200885,0.750860293951902,1,False
179402,1,2006.0,2020.0,4,0.3989451939414283,0.7045942349185634,1,True
179501,0,,2018.0,10,0.09550050705529631,0.4468754380296598,0,True
179502,1,2016.0,2020.0,9,0.08230418005183122,0.3760923072207618,0,False
179901,1,2020.0,2020.0,11,0.6983266136598635,0.9621059315281328,1,True
180802,1,2002.0,2020.0,2,0.6719308596216288,0.7379820432648228,1,True
181401,0,,2008.0,5,0.15218588889418774,0.5084580087588941,1,False
181501,0,,2016.0,9,0.14855786043513977,0.5859219774716482,1,False
181603,1,2000.0,2018.0,1,0.1018934649011783,0.10189346490117834,0,False
182401,1,2016.0,2016.0,9,0.08242233051688824,0.42647047797547855,0,False
182501,0,,2020.0,11,0.05863329166258542,0.36513649995201136,0,True
182502,0,,2020.0,11,0.06689104910308191,0.4566346236451876,0,True
182601,0,,2018.0,10,0.06740478243059249,0.33955292224844125,0,True
183302,1,2000.0,2018.0,1,0.13308354966786073,0.13308354966786073,0,False
183401,0,,2016.0,9,0.09386818025421427,0.5472476104447888,1,False
183901,1,2000.0,2018.0,1,0.16464651788244,0.16464651788244,0,False
183902,1,2000.0,2014.0,1,0.23671119087523773,0.23671119087523773,0,False
184001,0,,2016.0,9,0.17654709087024367,0.6178994262389281,1,False
184403,1,2002.0,2018.0,2,0.25996265586806516,0.43537476477045456,0,False
184406,1,2004.0,2018.0,3,0.1970142060962042,0.4482415399636299,0,False
185601,0,,2012.0,7,0.0799852898487914,0.40899549973637606,0,True
186201,0,,2020.0,11,0.1070354201471291,0.5086362362141638,1,False
186302,1,2006.0,2020.0,4,0.6218324081086041,0.8540195334960096,1,True
186303,1,2010.0,2020.0,6,0.25300456044740005,0.6730219647259084,1,True
186802,0,,2010.0,6,0.1652489468108874,0.6235069810896642,1,False
187801,0,,2020.0,11,0.05996937489812078,0.3489035159215038,0,True
187803,1,2004.0,2018.0,3,0.23243216846999912,0.4562008593840734,0,False
188001,1,2004.0,2018.0,3,0.6294592026211182,0.877154083615758,1,True
189602,1,2008.0,2008.0,5,0.5135783392569657,0.8472691015900535,1,True
190001,0,,2018.0,10,0.09800220073145563,0.6006396910574159,1,False
190502,1,2008.0,2020.0,5,0.2895522562706431,0.7240887046488438,1,True
190503,1,2014.0,2020.0,8,0.2467255849867914,0.7610492971462075,1,True
190504,1,2012.0,2020.0,7,0.2467255849867914,0.7173340420934673,1,True
190601,1,2014.0,2020.0,8,0.20416737872788263,0.5710520042822791,1,True
190602,1,2012.0,2020.0,7,0.12788224144244292,0.5008142143686051,1,True
191202,1,2010.0,2020.0,6,0.13708090759271147,0.5456575145925044,1,True
192601,1,2002.0,2020.0,2,0.5957965185852059,0.6578667708169301,1,True
192801,0,,2020.0,11,0.0657009778317973,0.3428189217672748,0,True
192802,1,2000.0,2020.0,1,0.0892973888524395,0.08929738885243954,0,False
193502,1,2006.0,2020.0,4,0.17598940235691354,0.4962026339456087,0,False
194001,1,2002.0,2020.0,2,0.2503234636252414,0.4212351454486558,0,False
194801,1,2010.0,2020.0,6,0.15398317446954687,0.5173244979515634,1,True
195401,1,2002.0,2018.0,2,0.20766761037579765,0.35676581920678263,0,False
196202,1,2002.0,2010.0,2,0.14639239144293728,0.2588094140233045,0,False
197201,1,2002.0,2020.0,2,0.28835804522371217,0.4760998561211165,0,False
197401,1,2002.0,2002.0,2,0.09594783275532962,0.1735216422745961,0,False
199302,1,2002.0,2018.0,2,0.14987323755854362,0.26454088253873276,0,False
199702,0,,2016.0,9,0.17036004573927976,0.663614118237365,1,False
199704,1,2008.0,2020.0,5,0.17355354435776799,0.5314575920565648,1,True
200202,0,,2018.0,10,0.12534782750676401,0.47209066943864453,0,True
200206,1,2004.0,2020.0,3,0.3178938979408307,0.650476920243979,1,True
200209,1,2010.0,2020.0,6,0.20281085869013055,0.6007345360829652,1,True
200301,1,2004.0,2018.0,3,0.26853807251932943,0.5729599702240409,1,True
201201,0,,2020.0,11,0.08511524181637577,0.36263900845913677,0,True
201301,0,,2006.0,4,0.11005420206486108,0.340180237180009,0,True
201302,1,2002.0,2020.0,2,0.731354919627644,0.7987787568453353,1,True
201601,1,2004.0,2018.0,3,0.27142309466599623,0.5801699909953296,1,True
202701,0,,2018.0,10,0.07155356478299474,0.37518317518915134,0,True
203501,1,2006.0,2020.0,4,0.230496061218238,0.6097722553651606,1,True
205001,1,2018.0,2018.0,10,0.1143073497246152,0.6606785090488032,1,True
205402,1,2000.0,2018.0,1,0.058777139781540706,0.058777139781540755,0,False
205701,1,2000.0,2018.0,1,0.5992233849350308,0.5992233849350308,1,True
206202,1,2002.0,2018.0,2,0.3982807199189892,0.5367380523340726,1,True
206603,1,2000.0,2018.0,1,0.2218303857192734,0.22183038571927338,0,False
206801,1,2004.0,2014.0,3,0.2639071097223342,0.5654672905837337,1,True
207002,1,2004.0,2018.0,3,0.8780556302585275,0.9904186418887934,1,True
207102,1,2012.0,2020.0,7,0.19890157113968138,0.6488640535167165,1,True
207201,1,2002.0,2020.0,2,0.13009965829331227,0.23171741421234138,0,False
207701,1,2000.0,2018.0,1,0.14335475999204292,0.14335475999204295,0,False
207902,1,2006.0,2018.0,4,0.1345609922792569,0.3998272558473115,0,False
208201,1,2002.0,2018.0,2,0.24110715099983626,0.4075673986561945,0,False
209801,0,,2018.0,10,0.1542279671546929,0.5868785517017729,1,False
209804,1,2006.0,2020.0,4,0.3645920771677504,0.6252222889961903,1,True
210203,0,,2020.0,11,0.07902377025494332,0.34084033943862413,0,True
210204,0,,2020.0,11,0.14792905401076867,0.730630399825177,1,False
210302,1,2002.0,2018.0,2,0.1521381383483819,0.2682594830185073,0,False
210304,1,2006.0,2020.0,4,0.3778667751525629,0.6370506656104504,1,True
210402,0,,2020.0,11,0.10373187813127462,0.42239250226019565,0,True
211202,0,,2018.0,10,0.06971305812017209,0.33365123390986995,0,True
211902,1,2006.0,2020.0,4,0.09834698385311032,0.3085307077615208,0,False
211904,0,,2012.0,7,0.10165185959310029,0.40217815992793227,0,True
212302,1,2008.0,2020.0,5,0.3478369249527401,0.7162632310882724,1,True
212401,1,2010.0,2020.0,6,0.48099134349326045,0.7058004108962914,1,True
212802,1,2002.0,2018.0,2,0.41760871434116864,0.6436135795329903,1,True
213001,1,2014.0,2018.0,8,0.11744884232165417,0.4406126314114045,0,False
213101,1,2000.0,2010.0,1,0.1351626859181334,0.1351626859181334,0,False
213702,1,2002.0,2018.0,2,0.14812135030721602,0.26165876670460775,0,False
214001,1,2014.0,2020.0,8,0.20814154377793076,0.6208513423901174,1,True
215502,1,2014.0,2020.0,8,0.2728419539642286,0.7427533128463112,1,True
216401,1,2006.0,2020.0,4,0.5311117455913789,0.8163706778088691,1,True
217401,1,2000.0,2018.0,1,0.1441035443667903,0.1441035443667903,0,False
217402,1,2004.0,2020.0,3,0.43844559923234017,0.750457120088401,1,True
217501,0,,2018.0,10,0.11232085671363479,0.5151400734377131,1,False
217601,1,2012.0,2018.0,7,0.592266533479835,0.845792291430477,1,True
219302,0,,2018.0,10,0.07013121272294524,0.2724832129915331,0,True
220401,1,2004.0,2020.0,3,0.35396388752533686,0.6385807695081549,1,True
221003,1,2000.0,2018.0,1,0.16035743523456417,0.16035743523456414,0,False
221202,1,2002.0,2018.0,2,0.18903587925641477,0.2662641508096344,0,False
221401,0,,2020.0,11,0.1685692978540087,0.6569658446870997,1,False
221502,1,2004.0,2018.0,3,0.38656544734791476,0.7379197708530643,1,True
222501,1,2006.0,2020.0,4,0.171902311497889,0.35375764075269,0,False
223001,1,2010.0,2020.0,6,0.649085454591662,0.8345191199860499,1,True
223701,1,2002.0,2020.0,2,0.2565645595542493,0.4304082862039015,0,False
223703,1,2008.0,2020.0,5,0.11664581741017102,0.40300754080751133,0,False
224003,1,2002.0,2020.0,2,0.5835219327978634,0.7493410433304859,1,True
224301,1,2000.0,2018.0,1,0.32203932684897174,0.32203932684897174,0,False
224601,1,2006.0,2020.0,4,0.3241262510742911,0.7174030050196731,1,True
224701,1,2004.0,2010.0,3,0.28317925576371505,0.5452624059569879,1,True
225002,1,2002.0,2006.0,2,0.0956990449810108,0.17309075093352122,0,False
225003,1,2002.0,2002.0,2,0.33769601363980567,0.5435318541544801,1,True
225101,0,,2020.0,11,0.07061156108765099,0.34649826135628226,0,True
225102,0,,2016.0,9,0.08450552056365906,0.38235822024734667,0,True
226001,0,,2018.0,10,0.06945414525004263,0.4723138594772329,0,True
226002,0,,2020.0,11,0.06951129707596032,0.40223630277468503,0,True
226503,1,2004.0,2018.0,3,0.30158128835115505,0.6241372175127871,1,True
226702,0,,2018.0,10,0.06795720913495937,0.4339495213534674,0,True
226704,1,2000.0,2014.0,1,0.08032897958216906,0.08032897958216911,0,False
226706,1,2004.0,2016.0,3,0.12095317265466388,0.2938713998517509,0,False
227101,1,2004.0,2018.0,3,0.212481575545662,0.4298081046809953,0,False
227102,1,2008.0,2020.0,5,0.7048958106109566,0.9276556636791606,1,True
227202,1,2002.0,2012.0,2,0.3042911914931956,0.4983407500878857,0,False
227802,1,2002.0,2018.0,2,0.18766209305193984,0.3254723517452722,0,False
228103,1,2002.0,2018.0,2,0.650122728911637,0.8676370797328558,1,True
228601,1,2016.0,2020.0,9,0.760218151327835,0.8985115019752509,1,True
228702,1,2008.0,2020.0,5,0.17574598097786714,0.5364557522664232,1,True
228801,1,2012.0,2020.0,7,0.10789622502882981,0.44686209526225296,0,False
228802,0,,2020.0,11,0.18445068947450732,0.6242295198150571,1,False
229001,1,2006.0,2020.0,4,0.7583510652886735,0.9375756411316215,1,True
229401,1,2004.0,2018.0,3,0.7233224535853028,0.947626945093326,1,True
229601,1,2010.0,2020.0,6,0.20495151385893676,0.6051801077738354,1,True
229902,1,2002.0,2020.0,2,0.18257969818599737,0.31741555733966664,0,False
229903,1,2002.0,2020.0,2,0.18257969818599737,0.31741555733966664,0,False
230102,1,2002.0,2020.0,2,0.6213304969540258,0.684955106241605,1,True
231101,1,2014.0,2018.0,8,0.10199388190807186,0.4519371983250777,0,False
231102,1,2006.0,2018.0,4,0.16515305350377957,0.4757388740201517,0,False
231302,1,2006.0,2020.0,4,0.7801443113002068,0.9327584972293333,1,True
231901,0,,2020.0,11,0.10699111594980089,0.4876663493095491,0,True
231903,1,2000.0,2018.0,1,0.44555184556096195,0.44555184556096195,0,False
231905,1,2008.0,2020.0,5,0.599117718894044,0.9611872873065261,1,True
233301,1,2002.0,2018.0,2,0.16333769829375117,0.28652282401291973,0,False
234801,0,,2018.0,10,0.11176759083767479,0.48328964162981813,0,True
235702,0,,2018.0,10,0.1342168922528204,0.6759279670724526,1,False
235901,0,,2020.0,11,0.15900207329376798,0.8249303052166747,1,False
236901,1,2004.0,2018.0,3,0.5578084846173863,0.8092768141760973,1,True
239402,1,2002.0,2020.0,2,0.626046034877455,0.6899356540023649,1,True
239501,0,,2018.0,10,0.14137892327261742,0.6816262491013554,1,False
239503,1,2000.0,2008.0,1,0.2125993423692444,0.21259934236924438,0,False
239504,1,2004.0,2018.0,3,0.40566841211893606,0.7126466206505201,1,True
239602,1,2006.0,2020.0,4,0.13460394643743842,0.4032590792851959,0,False
239803,1,2008.0,2020.0,5,0.22512575720314987,0.6831712366665037,1,True
239903,1,2010.0,2020.0,6,0.10839434549639272,0.46128551240971116,0,False
240404,1,2016.0,2020.0,9,0.5846742779768529,0.9517743552452477,1,True
240701,0,,2018.0,10,0.15012206312750315,0.6493594854921559,1,False
240702,1,2002.0,2018.0,2,0.15191742312845985,0.26789747642908646,0,False
240804,0,,2020.0,11,0.2818216252012124,0.8865324170649164,1,False
240901,0,,2004.0,3,0.10251068061717042,0.25295986642924984,0,True
240902,0,,2000.0,1,0.2102062589177959,0.21020625891779587,0,True
241601,1,2004.0,2010.0,3,0.7916186937043712,0.9541401608167637,1,True
241602,1,2002.0,2020.0,2,0.19485873141207247,0.2741768779752104,0,False
241603,1,2008.0,2020.0,5,0.40932659816949724,0.7698353617496863,1,True
242001,1,2002.0,2018.0,2,0.13040609434851683,0.2322309819998989,0,False
243301,1,2006.0,2020.0,4,0.24998613175649556,0.6021652634131518,1,True
244102,1,2002.0,2014.0,2,0.09355287134045816,0.16936950082892333,0,False
244201,1,2002.0,2018.0,2,0.17991559701623105,0.3131751155665158,0,False
244202,1,2008.0,2020.0,5,0.6901061036626372,0.9572665158369698,1,True
244702,0,,2018.0,10,0.11169742245529449,0.40046595246034333,0,True
245002,1,2010.0,2010.0,6,0.11010838360091582,0.3913951613990516,0,False
245402,1,2006.0,2016.0,4,0.6162003899409803,0.8797771343117557,1,True
246201,1,2002.0,2018.0,2,0.2056290042917903,0.3536076803647642,0,False
246202,1,2000.0,2016.0,1,0.23158024672538663,0.23158024672538668,0,False
247101,1,2002.0,2004.0,2,0.13445421951346712,0.23900095160735457,0,False
247401,0,,2000.0,1,0.10830496542377374,0.10830496542377377,0,True
247402,0,,2018.0,10,0.10252800547637402,0.46355842730756724,0,True
248403,1,2010.0,2020.0,6,0.10358782013229219,0.4453567224814521,0,False
248404,1,2016.0,2020.0,9,0.7113587512249376,0.8736694081195696,1,True
248501,1,2000.0,2012.0,1,0.11893464308094208,0.11893464308094204,0,False
249202,1,2002.0,2020.0,2,0.5040146955095911,0.6016085955075936,1,True
249901,0,,2016.0,9,0.0868089198556133,0.39067710397284905,0,True
250501,0,,2018.0,10,0.1830725657018214,0.6627444073498423,1,False
251001,1,2004.0,2020.0,3,0.22850406822650982,0.5080735768168656,1,True
251402,1,2004.0,2018.0,3,0.4907122902152369,0.7663822301082319,1,True
251501,1,2002.0,2006.0,2,0.5438448923739281,0.6456798134892612,1,True
252301,0,,2018.0,10,0.12161658250155667,0.46508303324448486,0,True
252303,0,,2020.0,11,0.2470888506600065,0.7215197777575243,1,False
252901,1,2002.0,2020.0,2,0.3025957499514369,0.49599508031127426,0,False
252902,1,2006.0,2010.0,4,0.24958709893178982,0.640037225906805,1,True
253001,1,2006.0,2018.0,4,0.2549801128363553,0.6492889624710332,1,True
253301,0,,2020.0,11,0.2292456998465443,0.7527656438521864,1,False
254402,1,2004.0,2018.0,3,0.2937062130549491,0.5535490345061815,1,True
255101,1,2004.0,2018.0,3,0.2358361332279109,0.5183384906219626,1,True
255802,1,2012.0,2020.0,7,0.11303512465702809,0.4984342854838276,0,False
255803,1,2014.0,2020.0,8,0.3829623335253053,0.7752134585820272,1,True
255903,1,2000.0,2020.0,1,0.13793548071109707,0.13793548071109707,0,False
256001,1,2004.0,2020.0,3,0.1722225170373349,0.40043334372861705,0,False
256401,1,2000.0,2020.0,1,0.10617286965838044,0.10617286965838046,0,False
256901,1,2002.0,2018.0,2,0.20319433508181808,0.34982681866733867,0,False
256903,1,2016.0,2020.0,9,0.9213010531068843,0.9857884896926258,1,True
257301,0,,2020.0,11,0.1345754042812254,0.6011060342337298,1,False
258801,1,2004.0,2018.0,3,0.471144378597727,0.7455682876931456,1,True
259101,0,,2018.0,10,0.1039613699864798,0.536781106324954,1,False
260701,1,2004.0,2018.0,3,0.348587082074861,0.6397827197980184,1,True
262701,1,2012.0,2020.0,7,0.18860254327347817,0.6228674860895858,1,True
262702,1,2016.0,2020.0,9,0.15944063317363003,0.6548313025099515,1,True
264002,0,,2020.0,11,0.10243576248049407,0.5064783512723815,1,False
264601,1,2000.0,2020.0,1,0.10883408432637359,0.10883408432637354,0,False
265202,1,2008.0,2020.0,5,0.2180925141506085,0.5851976428964754,1,True
265402,1,2002.0,2020.0,2,0.4833108705494585,0.636740241307992,1,True
265403,1,2006.0,2020.0,4,0.576958033838921,0.7612459144338483,1,True
265902,1,2004.0,2018.0,3,0.2880905121578735,0.545035464363256,1,True
266303,1,2000.0,2014.0,1,0.14249137752605884,0.14249137752605878,0,False
266307,1,2008.0,2018.0,5,0.1619111050532628,0.5150077321367834,1,True
266401,0,,2008.0,5,0.11047833510289447,0.3741564772154993,0,True
266901,1,2002.0,2020.0,2,0.2587066742708858,0.38301547518258094,0,False
267001,0,,2018.0,10,0.16799723341501524,0.5910729082234556,1,False
267002,1,2000.0,2016.0,1,0.2277459088790144,0.22774590887901436,0,False
267502,0,,2020.0,11,0.3129983915838213,0.7550256709308159,1,False
267903,1,2002.0,2018.0,2,0.5151018935563996,0.7499846926447861,1,True
267904,1,2002.0,2020.0,2,0.6980442676519143,0.8522605343282088,1,True
268104,1,2012.0,2020.0,7,0.2495632476717978,0.7394553757629607,1,True
268301,1,2000.0,2020.0,1,0.06133883279382108,0.06133883279382113,0,False
269101,1,2002.0,2020.0,2,0.32574164513033715,0.4464866158723777,0,False
269201,1,2002.0,2014.0,2,0.12532341139182618,0.22369286106616404,0,False
269202,1,2000.0,2018.0,1,0.241915697911462,0.24191569791146206,0,False
270002,1,2008.0,2020.0,5,0.21625804725395475,0.5271090550524558,1,True
270501,1,2006.0,2016.0,4,0.0887639797445332,0.2818527034252626,0,False
270503,1,2014.0,2018.0,8,0.1995108373876388,0.6302968551187194,1,True
271002,1,2002.0,2018.0,2,0.26732127431005637,0.4460618566161322,0,False
272302,1,2008.0,2020.0,5,0.3108615617748764,0.7547831342236311,1,True
272901,1,2016.0,2020.0,9,0.07764885815656344,0.3257363128524897,0,False
273101,1,2004.0,2018.0,3,0.2552254703875272,0.5012629496540286,1,True
274602,1,2000.0,2020.0,1,0.12441752181025102,0.12441752181025101,0,False
275202,0,,2018.0,10,0.12555776304794938,0.5337935594103893,1,False
276902,0,,2016.0,9,0.18749287905036824,0.6353973091349515,1,False
276903,1,2000.0,2018.0,1,0.4370772192970991,0.4370772192970991,0,False
277002,1,2004.0,2020.0,3,0.15910439688516909,0.32531335288241525,0,False
277502,1,2004.0,2018.0,3,0.3943262690771921,0.6661970469704225,1,True
278103,1,2002.0,2008.0,2,0.3829001692668182,0.6015489509189851,1,True
279202,0,,2020.0,11,0.30387815859950346,0.8772154105600586,1,False
279501,1,2002.0,2020.0,2,0.07974375125554985,0.14524806977872995,0,False
280901,1,2018.0,2018.0,10,0.08624455364377988,0.3213387655996982,0,False
281402,1,2006.0,2020.0,4,0.7221582658578549,0.9421851218209361,1,True
281701,0,,2018.0,10,0.1321719646470139,0.5636471540060171,1,False
281703,1,2000.0,2018.0,1,0.15777869827759933,0.15777869827759927,0,False
282302,1,2002.0,2008.0,2,0.2298073462792645,0.3906125204754024,0,False
282802,0,,2018.0,10,0.137403852946874,0.47644923040385967,0,True
282803,0,,2020.0,11,0.1436497709644716,0.6101042654483548,1,False
283402,1,2006.0,2006.0,4,0.0734003391225168,0.23760779759533035,0,False
283501,1,2008.0,2018.0,5,0.12417682694155686,0.41794296008506915,0,False
284101,0,,2020.0,11,0.17981771629580945,0.68157617850622,1,False
284102,1,2002.0,2018.0,2,0.16024911414294998,0.2815069216820576,0,False
287804,1,2000.0,2020.0,1,0.20061582004177977,0.2006158200417798,0,False
287902,1,2006.0,2018.0,4,0.13610426402962547,0.40362859292691966,0,False
288502,1,2002.0,2020.0,2,0.7507203040525419,0.8555727717107908,1,True
289201,1,2010.0,2020.0,6,0.21556374791330793,0.6267061017463494,1,True
290002,1,2002.0,2008.0,2,0.1495249234131611,0.26396825667813595,0,False
290802,1,2006.0,2012.0,4,0.6787240415663077,0.8910093970581178,1,True
290901,1,2002.0,2008.0,2,0.6162784820990219,0.6796112478081922,1,True
291001,1,2018.0,2020.0,10,0.6826231710120136,0.9161113665456849,1,True
291103,1,2006.0,2020.0,4,0.2506597881398265,0.596401443000339,1,True
293401,0,,2020.0,11,0.3261830242656488,0.8608780058407043,1,False
294301,0,,2020.0,11,0.20710545840691333,0.8076089676609967,1,False
294302,0,,2020.0,11,0.1909379343447085,0.7785211205528675,1,False
294303,1,2016.0,2020.0,9,0.18185863636023686,0.7476017067341505,1,True
294802,0,,2020.0,11,0.14248968142383434,0.5824688645702649,1,False
294804,1,2006.0,2020.0,4,0.21328857635925055,0.48925278925739335,0,False
294901,1,2002.0,2012.0,2,0.1819197959097252,0.3163662952606464,0,False
294904,1,2008.0,2020.0,5,0.1351744941353827,0.46995055165735655,0,False
295501,1,2012.0,2018.0,7,0.15544356656745112,0.5672584061012327,1,True
295903,1,2016.0,2020.0,9,0.8116185646134385,0.9345170717624313,1,True
296401,1,2010.0,2020.0,6,0.20710889348091488,0.6096250816343245,1,True
296402,1,2016.0,2020.0,9,0.739235107992401,0.8931614816620945,1,True
299002,1,2012.0,2020.0,7,0.1702886605233364,0.6027967325897119,1,True
300402,0,,2018.0,10,0.15655895221919594,0.6272404914463805,1,False
300403,1,2002.0,2018.0,2,0.20261962932566116,0.3489328899910039,0,False
301101,1,2002.0,2018.0,2,0.6220672528217571,0.6857337432407677,1,True
301102,1,2008.0,2020.0,5,0.44656803347090046,0.832679196015565,1,True
301201,1,2008.0,2020.0,5,0.3086606796137618,0.7787008704865664,1,True
302101,0,,2020.0,11,0.1304523514328786,0.49042618837011265,0,True
302102,0,,2018.0,10,0.06635820731985528,0.3456909245129005,0,True
302301,1,2004.0,2018.0,3,0.7054908006884691,0.9265807297758664,1,True
302501,1,2010.0,2020.0,6,0.204620829359033,0.6857174128715402,1,True
303501,0,,2018.0,10,0.22627543667326025,0.7518157962946534,1,False
303504,1,2008.0,2018.0,5,0.7146773235266254,0.9420715163536936,1,True
303601,1,2012.0,2020.0,7,0.13247669760858863,0.4512497878724212,0,False
304104,1,2002.0,2020.0,2,0.34971178756439936,0.5593073726258364,1,True
304301,1,2004.0,2020.0,3,0.2107058683939694,0.4736222681104444,0,False
304502,0,,2016.0,9,0.04708101460438376,0.21822960293203653,0,True
304701,1,2000.0,2018.0,1,0.08790846416392886,0.08790846416392883,0,False
305401,1,2006.0,2018.0,4,0.28336404851159663,0.6952633375429169,1,True
305801,1,2000.0,2010.0,1,0.06001409037659093,0.06001409037659089,0,False
305804,1,2002.0,2020.0,2,0.36381561087991904,0.5774981034300737,1,True
306802,0,,2018.0,10,0.13786348494466674,0.6761698792955033,1,False
306902,1,2002.0,2020.0,2,0.5145185577613092,0.5705385379392605,1,True
307301,1,2006.0,2020.0,4,0.41203074019746483,0.6532490563952185,1,True
309501,1,2006.0,2018.0,4,0.08238374740252974,0.2637007602836766,0,False
309602,1,2002.0,2010.0,2,0.12684225242178895,0.2262487055538962,0,False
310701,1,2004.0,2018.0,3,0.6165727078983612,0.9027238918615125,1,True
311301,1,2010.0,2018.0,6,0.10742243322490416,0.3962901171263997,0,False
311302,0,,2020.0,11,0.1513597340861992,0.6813217670699361,1,False
311501,0,,2020.0,11,0.36037595421232943,0.8632906521578324,1,False
311701,1,2006.0,2006.0,4,0.15783696669688244,0.4589733345719156,0,False
312001,1,2008.0,2012.0,5,0.12048491953082123,0.42915150146405645,0,False
312102,1,2002.0,2004.0,2,0.28831781799314693,0.4760431459502076,0,False
312202,1,2008.0,2016.0,5,0.3099972564471894,0.7804836220088214,1,True
315002,1,2010.0,2020.0,6,0.17647792681282537,0.6182610800924555,1,True
315102,1,2002.0,2014.0,2,0.3651247839702947,0.5791687134541177,1,True
315103,1,2000.0,2020.0,1,0.12614445606112268,0.12614445606112268,0,False
315403,1,2008.0,2014.0,5,0.2914372518426577,0.7269073361824199,1,True
315502,1,2006.0,2020.0,4,0.15910439688516909,0.37489582226808293,0,False
316201,1,2006.0,2020.0,4,0.4551673660012747,0.8181084672376505,1,True
316301,1,2014.0,2018.0,8,0.09887647174059613,0.4507812754560173,0,False
316302,1,2000.0,2020.0,1,0.11807828824529441,0.11807828824529443,0,False
316501,1,2010.0,2020.0,6,0.121020506167714,0.4982358757019558,0,False
317802,0,,2018.0,10,0.1067402331731681,0.5815918456911087,1,False
319001,0,,2020.0,11,0.11174871008231065,0.6291476185082605,1,False
319002,0,,2018.0,10,0.5694484844136922,0.9962410981932037,1,False
320102,1,2002.0,2020.0,2,0.7470687430922663,0.8522620992103243,1,True
320103,1,2002.0,2020.0,2,0.3545494532731318,0.565586635883182,1,True
320402,1,2008.0,2020.0,5,0.5198196736138886,0.8854864523568521,1,True
322502,1,2002.0,2012.0,2,0.43418887162747855,0.5225177573242137,1,True
324302,1,2002.0,2012.0,2,0.26226673677221224,0.43873102839727807,0,False
324303,1,2004.0,2016.0,3,0.12938257340752024,0.3121128630676081,0,False
324402,1,2010.0,2020.0,6,0.430318197523716,0.8817400489867587,1,True
324501,1,2014.0,2020.0,8,0.1863832178284406,0.5519634116926617,1,True
325002,1,2002.0,2020.0,2,0.5569800913239513,0.7902249852509386,1,True
325004,1,2008.0,2020.0,5,0.5785524622234568,0.8630143219413094,1,True
325201,1,2000.0,2018.0,1,0.09788700730094894,0.0978870073009489,0,False
325301,1,2006.0,2020.0,4,0.11639125758555281,0.35688556196393295,0,False
325401,1,2006.0,2020.0,4,0.4102114864316795,0.8159796675508566,1,True
325402,1,2010.0,2020.0,6,0.16163699871620485,0.5388218656738821,1,True
326805,1,2004.0,2018.0,3,0.16775635107967593,0.3412596137394104,0,False
327303,1,2016.0,2020.0,9,0.835619558686991,0.9370719076094685,1,True
328002,1,2016.0,2020.0,9,0.7703194475068229,0.9090001490364931,1,True
328701,1,2000.0,2020.0,1,0.08777483136154254,0.08777483136154252,0,False
328702,1,2010.0,2020.0,6,0.09762267180986078,0.3799623762878679,0,False
328704,1,2016.0,2020.0,9,0.11448308565968446,0.5454737693966533,1,True
329101,0,,2020.0,11,0.4313101340412918,0.9137400987153056,1,False
329301,0,,2000.0,1,0.06975344680998752,0.06975344680998752,0,True
330601,0,,2018.0,10,0.09347293723951411,0.43572753935197317,0,True
331501,0,,2018.0,10,0.06419868032544934,0.2747673004331218,0,True
331504,1,2008.0,2020.0,5,0.1367296284998362,0.4187907855316376,0,False
331601,0,,2020.0,11,0.07647612654115966,0.35690276283006495,0,True
331704,0,,2020.0,11,0.23393086630555993,0.8510164076828405,1,False
332101,0,,2020.0,11,0.1175238329496309,0.47433029343595223,0,True
332102,0,,2018.0,10,0.16224213144987767,0.5903629111865456,1,False
332201,1,2006.0,2020.0,4,0.2926203152649552,0.671586826765199,1,True
332501,0,,2018.0,10,0.07408942419862369,0.31989090594615033,0,True
333801,1,2008.0,2016.0,5,0.13047765862603647,0.4413096151284681,0,False
334802,0,,2008.0,5,0.14160435962918627,0.45181831040962817,0,True
334804,0,,2000.0,1,0.23244964944260513,0.23244964944260516,0,True
334806,0,,2006.0,4,0.18273325434384766,0.5108025177956075,1,False
335202,1,2010.0,2020.0,6,0.7791775138173281,0.9367171290543612,1,True
335501,1,2002.0,2018.0,2,0.31259931076337777,0.5097627277156775,1,True
336302,1,2004.0,2020.0,3,0.1361564550150191,0.32860090644422013,0,False
336502,1,2006.0,2020.0,4,0.36347633568438614,0.6956557702193111,1,True
337105,1,2012.0,2020.0,7,0.43364717367516076,0.8440379743846214,1,True
339702,1,2000.0,2018.0,1,0.23323849956247025,0.23323849956247023,0,False
339703,1,2002.0,2018.0,2,0.16967754763754267,0.29676930176408567,0,False
340202,1,2014.0,2020.0,8,0.23613219826107082,0.6517295564813244,1,True
340203,1,2016.0,2020.0,9,0.6815170107575392,0.8416664237063376,1,True
340702,0,,2002.0,2,0.10029628452304566,0.1810368264711678,0,True
341102,0,,2018.0,10,0.11057178816727747,0.6190981770839479,1,False
342202,1,2016.0,2020.0,9,0.8890082991495384,0.9697396270976688,1,True
342302,1,2006.0,2018.0,4,0.3535519048584218,0.6873550381285634,1,True
342303,1,2008.0,2014.0,5,0.6036990639836733,0.9231364406192649,1,True
342304,1,2014.0,2020.0,8,0.49969964160762964,0.8821998037840545,1,True
342401,1,2000.0,2012.0,1,0.47590706947042916,0.47590706947042916,0,False
342803,1,2008.0,2020.0,5,0.3744579709624522,0.7601707653843237,1,True
343001,1,2002.0,2018.0,2,0.13873598801534523,0.24613242015092018,0,False
343006,1,2010.0,2020.0,6,0.5079969485856315,0.9274958031448514,1,True
343008,1,2016.0,2020.0,9,0.9443205994897282,0.9951170155737346,1,True
343201,1,2008.0,2020.0,5,0.18291404902012368,0.552531040856479,1,True
343401,1,2010.0,2012.0,6,0.33926935640301153,0.7599148006119286,1,True
343601,0,,2016.0,9,0.12724297959955347,0.4980578144206186,0,True
344702,1,2006.0,2018.0,4,0.10651235381395556,0.32779104682750515,0,False
344703,1,2000.0,2010.0,1,0.09294038237094326,0.09294038237094326,0,False
345102,1,2006.0,2020.0,4,0.20530849567709322,0.5613642023837881,1,True
345103,1,2010.0,2020.0,6,0.10462936760837831,0.4488398998795762,0,False
345402,0,,2018.0,10,0.245028301444221,0.8361337390040949,1,False
345403,0,,2016.0,9,0.12305073858324403,0.471416999760943,0,True
345803,1,2006.0,2020.0,4,0.6901628310286257,0.908637220669392,1,True
346501,1,2002.0,2020.0,2,0.6056962129658936,0.6683921084450584,1,True
346503,1,2002.0,2020.0,2,0.19485873141207247,0.2741768779752104,0,False
346901,1,2010.0,2020.0,6,0.47162667525022345,0.6945030408142037,1,True
347503,1,2018.0,2020.0,10,0.7708232847521153,0.9572667703964124,1,True
348703,1,2006.0,2020.0,4,0.1051083871353208,0.2868348205570188,0,False
349103,1,2012.0,2020.0,7,0.24353711444610052,0.7216705640536174,1,True
349801,0,,2000.0,1,0.17502380998715808,0.17502380998715805,0,True
350501,1,2012.0,2020.0,7,0.2255427645420983,0.7316880475616218,1,True
350602,1,2008.0,2020.0,5,0.7200253541139484,0.9449487826807329,1,True
351101,1,2002.0,2020.0,2,0.6073622091675667,0.6701606033241054,1,True
351102,1,2004.0,2018.0,3,0.3060735418371803,0.5720062905401428,1,True
351201,1,2014.0,2020.0,8,0.4420517294252285,0.74844199335347,1,True
351401,0,,2016.0,9,0.5370949605991376,0.9889754034761359,1,False
352202,1,2012.0,2020.0,7,0.14823132961836125,0.4728513561674351,0,False
353102,1,2006.0,2020.0,4,0.3948047707497129,0.6655403206622441,1,True
353201,0,,2020.0,11,0.132506845047538,0.6544921584585595,1,False
353202,1,2002.0,2020.0,2,0.7167421714174774,0.7840097182603192,1,True
354302,1,2000.0,2018.0,1,0.3914796002241281,0.3914796002241281,0,False
354303,1,2004.0,2018.0,3,0.6406126380468208,0.8783532863293715,1,True
354407,1,2000.0,2020.0,1,0.23213765778014228,0.23213765778014228,0,False
354501,1,2002.0,2018.0,2,0.29026993475969015,0.47879190203248223,0,False
354502,1,2002.0,2020.0,2,0.6839226253884415,0.7503969329022686,1,True
354602,1,2010.0,2020.0,6,0.34392521905932333,0.8092854006789046,1,True
354701,1,2002.0,2016.0,2,0.18425223585632336,0.32007168322682167,0,False
354802,1,2000.0,2012.0,1,0.28064184465914227,0.2806418446591423,0,False
354901,1,2002.0,2020.0,2,0.8003921783270983,0.8663518590914469,1,True
354902,1,2002.0,2020.0,2,0.15321596543418328,0.27002612900109524,0,False
355101,1,2008.0,2020.0,5,0.3774830354099316,0.8352105318587562,1,True
355102,1,2010.0,2020.0,6,0.17267712495659732,0.6093342079168069,1,True
355201,1,2008.0,2020.0,5,0.32081159903070594,0.7902355171849922,1,True
355603,1,2008.0,2016.0,5,0.17309052595519236,0.5480821056428871,1,True
355701,1,2004.0,2012.0,3,0.5579838234431622,0.825604558633106,1,True
356401,1,2000.0,2012.0,1,0.1559167599167876,0.15591675991678766,0,False
356501,0,,2020.0,11,0.23323779341401493,0.7275021908004826,1,False
356602,0,,2018.0,10,0.17518192695033388,0.7499375099967014,1,False
357202,1,2002.0,2008.0,2,0.1385683399573448,0.245853761119475,0,False
357602,1,2002.0,2020.0,2,0.4637360236975933,0.556243222833615,1,True
358402,1,2002.0,2018.0,2,0.44347362359313164,0.6735402554672966,1,True
358601,1,2002.0,2018.0,2,0.7117414196467943,0.8192986665960862,1,True
359703,1,2000.0,2010.0,1,0.4882386889140293,0.48823868891402933,0,False
360902,1,2010.0,2020.0,6,0.1339905452119292,0.5368224034566079,1,True
361301,1,2002.0,2020.0,2,0.4303645340834485,0.5752604466591,1,True
362602,1,2002.0,2018.0,2,0.14835846806093375,0.26204915671543294,0,False
363301,1,2000.0,2014.0,1,0.2674945882521037,0.2674945882521037,0,False
363502,1,2012.0,2014.0,7,0.14150088495612856,0.5093445297166646,1,True
363703,0,,2018.0,10,0.0846989212532226,0.39320891279217274,0,True
364101,0,,2018.0,10,0.10090844388482546,0.4136198889134969,0,True
364702,1,2002.0,2018.0,2,0.06998484902549239,0.12801641271145237,0,False
364703,1,2004.0,2018.0,3,0.06866363492830568,0.17426479227377256,0,False
364801,0,,2018.0,10,0.11269960445918953,0.4205528928297636,0,True
364902,1,2000.0,2020.0,1,0.11602592379210436,0.11602592379210441,0,False
364903,1,2004.0,2014.0,3,0.3780768272820493,0.7276748756621283,1,True
365003,1,2004.0,2018.0,3,0.23366605703257748,0.458257561724402,0,False
365101,1,2000.0,2020.0,1,0.09184366810768622,0.09184366810768618,0,False
365401,1,2002.0,2018.0,2,0.2924805127626657,0.4818966212395477,0,False
365402,1,2002.0,2012.0,2,0.2751106241988984,0.457273103509221,0,False
365405,1,2010.0,2020.0,6,0.7176962722795475,0.9161164501987002,1,True
365407,1,2012.0,2020.0,7,0.25167489335692633,0.6663613173762146,1,True
365408,1,2012.0,2020.0,7,0.32724927599605313,0.7759761042488501,1,True
365410,1,2016.0,2020.0,9,0.8927676873597515,0.9807573677976782,1,True
365501,0,,2018.0,10,0.06724844546664856,0.42605507868433146,0,True
365502,1,2002.0,2018.0,2,0.1903491938304473,0.3297146053645411,0,False
365902,0,,2014.0,8,0.14993973442904754,0.4752811774554093,0,True
366301,1,2006.0,2008.0,4,0.48194863323316,0.8580077708766296,1,True
367901,1,2004.0,2018.0,3,0.3788594572895479,0.6235154166427901,1,True
368101,1,2004.0,2018.0,3,0.5477293356899667,0.8219997428559396,1,True
368102,1,2004.0,2018.0,3,0.16994068000532628,0.395912258123166,0,False
368701,1,2006.0,2020.0,4,0.18137061373249153,0.46449162474652017,0,False
369102,1,2004.0,2018.0,3,0.5923395400807457,0.8894552872940007,1,True
369103,1,2008.0,2012.0,5,0.8176219540416494,0.9889157372726438,1,True
369701,0,,2008.0,5,0.13830435310567,0.4700619939964312,0,True
369705,1,2016.0,2020.0,9,0.8348946912549586,0.9577957440535704,1,True
369802,0,,2020.0,11,0.09250969493486796,0.51428373030043,1,False
370301,1,2000.0,2020.0,1,0.03231221598925226,0.03231221598925227,0,False
370502,0,,2018.0,10,0.0982243998693538,0.42362831855510374,0,True
371102,0,,2018.0,10,0.3736640967857361,0.9718780483499447,1,False
371105,0,,2020.0,11,0.5403544512956782,0.9982311101067137,1,False
371402,1,2002.0,2020.0,2,0.091995983185326,0.16666535363704726,0,False
371803,1,2004.0,2008.0,3,0.17770408699439155,0.4112106565802893,0,False
371902,1,2000.0,2020.0,1,0.05038477042082854,0.05038477042082856,0,False
372602,1,2004.0,2020.0,3,0.10831422414567211,0.26774315961152473,0,False
372603,1,2006.0,2014.0,4,0.26819636123513924,0.6712575904034882,1,True
372803,1,2000.0,2020.0,1,0.32479152677202466,0.3247915267720247,0,False
372804,1,2000.0,2018.0,1,0.315926434070772,0.3159264340707719,0,False
372901,0,,2002.0,2,0.09254653335605252,0.16762204761244814,0,True
372905,1,2010.0,2020.0,6,0.09324384200500341,0.3657084919572069,0,False
373501,1,2006.0,2020.0,4,0.16288017715348635,0.4252180937168112,0,False
373901,1,2008.0,2020.0,5,0.25720018963982855,0.6964792539299819,1,True
374601,0,,2020.0,11,0.15059816675286367,0.5633707549582134,1,False
374603,1,2004.0,2012.0,3,0.5038966701681848,0.7564670935482607,1,True
375304,1,2008.0,2020.0,5,0.35989798566523257,0.7324732795342412,1,True
375901,0,,2020.0,11,0.10896354500015354,0.5921579184054943,1,False
376901,0,,2004.0,3,0.06839002272319564,0.17360943562610942,0,True
376902,0,,2008.0,5,0.10633500991254854,0.35564766838477047,0,True
377001,1,2002.0,2018.0,2,0.14539216522903137,0.25715877728865155,0,False
377901,0,,2018.0,10,0.09072594119854469,0.41891279282588967,0,True
377904,1,2002.0,2020.0,2,0.6285403297727297,0.7361615462457751,1,True
378301,1,2008.0,2020.0,5,0.6643580732741419,0.9187394530320578,1,True
378401,1,2006.0,2020.0,4,0.08850650068085665,0.2811262345873582,0,False
378601,1,2006.0,2020.0,4,0.7750958860005174,0.9676507336975059,1,True
378701,1,2000.0,2018.0,1,0.08783862862592366,0.08783862862592362,0,False
379101,0,,2020.0,11,0.07898751620899774,0.3911453649925146,0,True
379402,1,2008.0,2020.0,5,0.16639689609873093,0.5148742296995998,1,True
379802,1,2004.0,2018.0,3,0.735900976208375,0.9234786330583706,1,True
379805,1,2010.0,2020.0,6,0.2508998811114659,0.6693498516414045,1,True
379902,1,2016.0,2020.0,9,0.4119997653110524,0.8504706545852776,1,True
380001,1,2008.0,2020.0,5,0.24804037721719324,0.680849213976095,1,True
380201,1,2002.0,2014.0,2,0.5877749969144465,0.6493182303237279,1,True
380402,1,2006.0,2020.0,4,0.3183749039313216,0.7093764807983892,1,True
380601,1,2000.0,2018.0,1,0.16238098347060814,0.16238098347060814,0,False
381201,1,2004.0,2018.0,3,0.2413957051993211,0.47105192310600386,0,False
381401,1,2012.0,2020.0,7,0.46883054719074224,0.8361004933042891,1,True
382101,0,,2020.0,11,0.08701451813055772,0.32391777857624593,0,True
382102,1,2000.0,2018.0,1,0.12276145424183028,0.12276145424183027,0,False
383702,0,,2018.0,10,0.08222643836701188,0.3644864008696225,0,True
383703,1,2000.0,2020.0,1,0.2565803921760023,0.25658039217600237,0,False
384202,0,,2018.0,10,0.10561514693954249,0.4547259154914287,0,True
384901,1,2010.0,2020.0,6,0.133522127567959,0.5354713620090746,1,True
385101,1,2008.0,2018.0,5,0.15430549675784902,0.44532792546966704,0,False
385102,1,2002.0,2018.0,2,0.27613701905068966,0.45874260682088464,0,False
385301,1,2004.0,2018.0,3,0.6363954808779189,0.8821946494401435,1,True
388901,1,2002.0,2020.0,2,0.3987327310063553,0.5651958611431108,1,True
389904,1,2008.0,2020.0,5,0.15947841186544653,0.4984482647408217,0,False
391401,1,2000.0,2018.0,1,0.0599396184368107,0.05993961843681073,0,False
391501,1,2006.0,2020.0,4,0.34019031066799177,0.7743464136662659,1,True
391801,1,2012.0,2020.0,7,0.3515324619670497,0.6619550119619224,1,True
391902,1,2008.0,2020.0,5,0.23756432357819204,0.6622717578195292,1,True
392101,1,2002.0,2020.0,2,0.6239542975819986,0.6877272569908599,1,True
392102,1,2006.0,2020.0,4,0.4678106162016212,0.7165781705065261,1,True
392103,1,2008.0,2020.0,5,0.356576663728377,0.715959193327455,1,True
392301,1,2000.0,2018.0,1,0.1016439911724735,0.10164399117247347,0,False
392304,1,2012.0,2020.0,7,0.24465603140623793,0.7399739843175188,1,True
392401,1,2012.0,2020.0,7,0.23456163731449003,0.5849461153796148,1,True
392801,1,2000.0,2000.0,1,0.24632152634360496,0.24632152634360494,0,False
392901,0,,2018.0,10,0.08640773636510868,0.4272999682902856,0,True
393101,0,,2018.0,10,0.10941384119760368,0.41055223531292506,0,True
393102,1,2004.0,2018.0,3,0.0891464076825413,0.22244894648380042,0,False
393104,1,2000.0,2020.0,1,0.18095172983069766,0.18095172983069763,0,False
393105,1,2004.0,2014.0,3,0.40395639517909715,0.7581562217718589,1,True
393501,0,,2020.0,11,0.13865558409840698,0.4999631794535747,0,True
393502,1,2002.0,2018.0,2,0.256870858793973,0.43085676811787477,0,False
393601,0,,2020.0,11,0.2611182107977051,0.8648821335069938,1,False
393602,1,2004.0,2018.0,3,0.25136057871525147,0.4873172881711255,0,False
394801,1,2000.0,2020.0,1,0.05461871932506835,0.05461871932506834,0,False
395202,0,,2016.0,9,0.06999973070915218,0.3282859851098582,0,True
396202,0,,2020.0,11,0.10129408792280199,0.4968316967019133,0,True
396204,1,2004.0,2018.0,3,0.4836273290473344,0.7589471290046654,1,True
396401,0,,2018.0,10,0.2584155298839669,0.926186004305589,1,False
397201,1,2002.0,2020.0,2,0.6102983243682555,0.6732753503481848,1,True
397501,0,,2008.0,5,0.16034558239740584,0.5437031828605061,1,False
397801,1,2002.0,2018.0,2,0.23314097004414858,0.3956370391426637,0,False
398203,1,2002.0,2018.0,2,0.26034081021733146,0.43592623171135225,0,False
398204,1,2002.0,2016.0,2,0.42752448552768946,0.6552306168792061,1,True
398802,0,,2020.0,11,0.1919234230715962,0.6728348090420144,1,False
399101,0,,2020.0,11,0.1015961436833654,0.47642690902172746,0,True
399601,1,2000.0,2012.0,1,0.4310739067008833,0.4310739067008833,0,False
400301,0,,2004.0,3,0.14424934898249778,0.34358996339309433,0,True
400701,0,,2006.0,4,0.07088230319716511,0.230180791969556,0,True
400702,1,2002.0,2018.0,2,0.1569547176538781,0.2761393818024954,0,False
401201,1,2004.0,2006.0,3,0.12599616758705823,0.3048189610056863,0,False
401501,1,2020.0,2020.0,11,0.1540669402500078,0.6282871902531422,1,True
401502,1,2002.0,2018.0,2,0.37613382738009543,0.5930962767556349,1,True
401902,1,2012.0,2020.0,7,0.38923347342765385,0.7591242329083483,1,True
402801,0,,2020.0,11,0.055071779753126465,0.2570059827484473,0,True
403502,1,2010.0,2020.0,6,0.41792785270582017,0.8710241608701086,1,True
403701,1,2004.0,2018.0,3,0.2130647298436,0.47792211580619304,0,False
403802,1,2002.0,2020.0,2,0.25035713491320233,0.42128481405507157,0,False
404102,0,,2018.0,10,0.0878596630761719,0.36519128390864264,0,True
404503,1,2004.0,2020.0,3,0.22227433303416183,0.4466244116156439,0,False
404903,1,2006.0,2020.0,4,0.37803948356056416,0.7651568524885719,1,True
405002,1,2002.0,2006.0,2,0.5325512662239063,0.6332703527042136,1,True
405102,1,2000.0,2020.0,1,0.2001623490750483,0.20016234907504826,0,False
405703,0,,2020.0,11,0.1574424020087524,0.713869120704417,1,False
406002,1,2002.0,2018.0,2,0.1502594307328112,0.26517554743230776,0,False
406502,1,2006.0,2020.0,4,0.12477967957013715,0.37854393156103094,0,False
406602,0,,2018.0,10,0.09453065662619878,0.4547797899273327,0,True
407701,1,2000.0,2020.0,1,0.31126844890867683,0.3112684489086768,0,False
408901,1,2006.0,2020.0,4,0.09713937897164904,0.30520733760443597,0,False
408902,1,2010.0,2020.0,6,0.1794208037235458,0.6312037833883173,1,True
409503,1,2014.0,2020.0,8,0.40503679743218574,0.7682485943624362,1,True
410301,1,2002.0,2018.0,2,0.13403847824712423,0.2383069150390662,0,False
410501,0,,2018.0,10,0.1688544068860954,0.6020409681594754,1,False
410502,1,2000.0,2012.0,1,0.14612271080638717,0.14612271080638717,0,False
410901,1,2010.0,2020.0,6,0.20462233278433875,0.6044987619401617,1,True
411001,1,2002.0,2018.0,2,0.36697889619301977,0.5815294882592297,1,True
412001,0,,2018.0,10,0.04555103413155932,0.2316524203829614,0,True
412101,0,,2016.0,9,0.08826726355597433,0.3463646025148571,0,True
412102,0,,2010.0,6,0.1397034236612238,0.4886035726323317,0,True
412301,1,2002.0,2018.0,2,0.21564277309728905,0.3690534345216271,0,False
414501,1,2006.0,2012.0,4,0.5081573563941624,0.7065574873168079,1,True
414801,1,2000.0,2018.0,1,0.15479949397824008,0.1547994939782401,0,False
415001,1,2012.0,2016.0,7,0.11238352558969246,0.4983593787650613,0,False
415101,0,,2018.0,10,0.0845623798204553,0.3721253486812188,0,True
415303,1,2016.0,2016.0,9,0.9117605207803209,0.980236870150023,1,True
415403,1,2012.0,2012.0,7,0.15741644515824782,0.5580802289087634,1,True
416702,1,2002.0,2018.0,2,0.2930588004121943,0.48270741814275775,0,False
417002,1,2004.0,2012.0,3,0.6635005033215942,0.9008710762288753,1,True
417701,0,,2020.0,11,0.07874207293728934,0.4385673717812576,0,True
418003,1,2002.0,2020.0,2,0.3773799190614983,0.5946590776763894,1,True
418202,1,2000.0,2018.0,1,0.1105902921280698,0.11059029212806981,0,False
418601,1,2000.0,2016.0,1,0.1967308735398185,0.19673087353981855,0,False
418602,1,2000.0,2016.0,1,0.12624588862282599,0.12624588862282593,0,False
419401,1,2002.0,2018.0,2,0.09874508499800817,0.17835948793023793,0,False
419501,1,2008.0,2018.0,5,0.19610560546317288,0.5784297951389319,1,True
420303,1,2002.0,2016.0,2,0.4816137110622251,0.634812470874785,1,True
420602,1,2002.0,2018.0,2,0.41575919661881305,0.6414269741812388,1,True
420801,1,2006.0,2020.0,4,0.23617342300400432,0.5777718722955288,1,True
421001,1,2000.0,2020.0,1,0.08341212673209793,0.08341212673209797,0,False
421002,1,2002.0,2020.0,2,0.29974045268298355,0.4131626469207863,0,False
421202,1,2002.0,2020.0,2,0.30112605413966176,0.4149506154135142,0,False
421204,1,2004.0,2016.0,3,0.18260652891202642,0.4207496749709023,0,False
421402,1,2010.0,2020.0,6,0.5620929987231442,0.7822295880011385,1,True
421501,0,,2018.0,10,0.13256714293669358,0.5052427658449745,1,False
421802,1,2014.0,2014.0,8,0.6818363598328195,0.9512083751912263,1,True
422801,1,2006.0,2016.0,4,0.07352845077652771,0.23798433552723297,0,False
423103,1,2006.0,2020.0,4,0.29035370581813974,0.6681141935169836,1,True
423201,0,,2020.0,11,0.08651613112045801,0.3722474257353343,0,True
423204,1,2010.0,2020.0,6,0.1221924463235758,0.46470291987218104,0,False
424601,1,2008.0,2016.0,5,0.12218620007436663,0.39383372718337417,0,False
424602,1,2002.0,2018.0,2,0.16559936011507154,0.2901857729924373,0,False
425201,0,,2020.0,11,0.15142441243088964,0.584751212877213,1,False
425402,1,2006.0,2020.0,4,0.16440855153994405,0.42853105410723447,0,False
427003,1,2002.0,2020.0,2,0.5907257477104365,0.7522142887253489,1,True
427502,0,,2016.0,9,0.11760420575013439,0.5921734326318644,1,False
428001,1,2002.0,2004.0,2,0.0952458346940608,0.17230554998541214,0,False
428202,1,2002.0,2018.0,2,0.5115311051964077,0.7464002344524929,1,True
428203,1,2006.0,2020.0,4,0.3466078100519188,0.6855010619026769,1,True
428401,1,2016.0,2016.0,9,0.5951300442417093,0.8176110406267391,1,True
428402,1,2016.0,2018.0,9,0.5736535503365477,0.8030966938728461,1,True
429001,1,2000.0,2018.0,1,0.21936875230266728,0.21936875230266728,0,False
429601,1,2006.0,2016.0,4,0.3383925303427077,0.7366769849083541,1,True
430401,0,,2018.0,10,0.07832364998621531,0.327813621378514,0,True
430502,1,2014.0,2020.0,8,0.29872250887570106,0.7322121644144051,1,True
432001,0,,2020.0,11,0.1791111307352532,0.7604160587003885,1,False
432302,1,2004.0,2010.0,3,0.1661029103667272,0.38826215558597776,0,False
433901,1,2008.0,2020.0,5,0.12618802379375857,0.4452605032840663,0,False
435201,1,2010.0,2020.0,6,0.1265001242276446,0.4773277470438725,0,False
435401,1,2004.0,2018.0,3,0.0724628653247921,0.1833327485157059,0,False
435402,0,,2020.0,11,0.13611852704474023,0.5351390859190777,1,False
437201,1,2004.0,2018.0,3,0.3399166827816298,0.6785827415123624,1,True
437501,1,2014.0,2018.0,8,0.16421985744646167,0.6631166879446142,1,True
437602,1,2000.0,2012.0,1,0.2807077118723674,0.2807077118723674,0,False
437804,1,2004.0,2018.0,3,0.3459490046965203,0.6287730067099295,1,True
438101,0,,2020.0,11,0.1391448539518583,0.7017026341081092,1,False
438102,0,,2020.0,11,0.11123147514252786,0.651095156093584,1,False
438602,1,2002.0,2018.0,2,0.1994600856908392,0.34400845831813753,0,False
438603,1,2004.0,2020.0,3,0.47736571075740314,0.7888126678103814,1,True
439105,1,2008.0,2020.0,5,0.11057178816727747,0.40416599229045735,0,False
439602,1,2002.0,2018.0,2,0.27899683880694426,0.46282746586318224,0,False
440002,0,,2018.0,10,0.11811088065612807,0.4828353620973308,0,True
440401,0,,2020.0,11,0.08253883403789106,0.35336806763361417,0,True
441601,0,,2012.0,7,0.09108194379264553,0.3202719796570396,0,True
441602,0,,2018.0,10,0.05972023176853436,0.26816244407788725,0,True
441701,1,2004.0,2018.0,3,0.07410750195971226,0.18856860618422588,0,False
441703,1,2008.0,2020.0,5,0.09427236175486313,0.2840704488911411,0,False
441704,1,2012.0,2020.0,7,0.19156648429603224,0.6467897540434204,1,True
442301,1,2012.0,2018.0,7,0.09762267180986078,0.4772429383431397,0,False
442802,1,2008.0,2020.0,5,0.44847073366597323,0.8226094580794023,1,True
442803,1,2008.0,2020.0,5,0.2646859434216508,0.5840126287379783,1,True
444502,1,2000.0,2010.0,1,0.19151126562875315,0.1915112656287532,0,False
444701,0,,2018.0,10,0.17756635165707965,0.6834360930207977,1,False
444703,1,2000.0,2020.0,1,0.37026656421008736,0.3702665642100873,0,False
445001,0,,2020.0,11,0.09062739158635674,0.4077126171005837,0,True
445101,0,,2020.0,11,0.11238352558969246,0.5730149252867014,1,False
445801,0,,2014.0,8,0.12355459283117988,0.6181244102844581,1,False
446301,0,,2020.0,11,0.3297829219304746,0.9163044446374543,1,False
447301,1,2000.0,2018.0,1,0.41796138446343895,0.4179613844634389,0,False
447302,1,2002.0,2018.0,2,0.35991314004971636,0.5725001466885912,1,True
447601,1,2006.0,2020.0,4,0.0596207719912033,0.19635173331449274,0,False
447901,1,2004.0,2014.0,3,0.1844305993966779,0.42427492715181825,0,False
447902,1,2004.0,2016.0,3,0.1372884262882945,0.32896188430621165,0,False
448101,0,,2018.0,10,0.08432592792569366,0.3497349313933813,0,True
448201,1,2004.0,2020.0,3,0.11390973141155156,0.2784093764888209,0,False
448701,0,,2008.0,5,0.195794152194518,0.566459550960849,1,False
448702,1,2002.0,2014.0,2,0.42569431592155615,0.5697100430303298,1,True
449401,1,2002.0,2018.0,2,0.18367414113322703,0.31915414951000454,0,False
449501,1,2010.0,2020.0,6,0.29886234233471864,0.831161321213129,1,True
449602,1,2002.0,2018.0,2,0.3351316713622405,0.5401321357546824,1,True
449902,1,2006.0,2018.0,4,0.31669520733933376,0.6685569376079658,1,True
449903,1,2002.0,2020.0,2,0.2119460099674694,0.29728411918266306,0,False
449904,1,2010.0,2020.0,6,0.282093269307271,0.7926368099852975,1,True
452201,1,2002.0,2018.0,2,0.11870795552145794,0.212516692422834,0,False
452501,1,2006.0,2020.0,4,0.36509162510880216,0.6259053731624198,1,True
452801,1,2006.0,2020.0,4,0.20522916169200203,0.47411149126544794,0,False
453601,1,2002.0,2018.0,2,0.13008108478160443,0.23168628121959223,0,False
453602,1,2002.0,2020.0,2,0.2979536383913039,0.4108549763995508,0,False
453801,1,2002.0,2020.0,2,0.09033522813599444,0.16377648510130438,0,False
453902,1,2006.0,2020.0,4,0.24998613175649556,0.6021652634131518,1,True
454601,0,,2010.0,6,0.10236038654880503,0.44122936855313,0,True
455302,1,2000.0,2000.0,1,0.25442496462367237,0.25442496462367237,0,False
455303,1,2000.0,2000.0,1,0.1664311320289944,0.1664311320289944,0,False
455702,1,2004.0,2018.0,3,0.533657538574986,0.8788685403440407,1,True
456101,1,2002.0,2018.0,2,0.4650468709468514,0.6975644491844617,1,True
457802,1,2002.0,2020.0,2,0.4121266215311006,0.5534739613667272,1,True
458001,1,2000.0,2018.0,1,0.08284342489438248,0.08284342489438246,0,False
458201,0,,2008.0,5,0.07990477674580333,0.28288188337382947,0,True
458901,0,,2010.0,6,0.08876114656767894,0.3466755127911555,0,True
459301,0,,2020.0,11,0.14125635636136022,0.505312643945818,1,False
460002,1,2004.0,2004.0,3,0.6948200910790469,0.9153874606136901,1,True
461302,1,2016.0,2020.0,9,0.3961213628528674,0.6545627275838204,1,True
461402,1,2002.0,2020.0,2,0.8255623305311817,0.9185213706483835,1,True
461802,1,2000.0,2018.0,1,0.29278538952360333,0.29278538952360333,0,False
463103,1,2014.0,2014.0,8,0.11443518572288354,0.5435142298597102,1,True
463702,1,2000.0,2018.0,1,0.13208999619811312,0.13208999619811312,0,False
463803,1,2002.0,2018.0,2,0.25269518467570756,0.42472893954787083,0,False
463804,1,2002.0,2012.0,2,0.21797852587333738,0.37263190601925955,0,False
464101,0,,2020.0,11,0.14014608819220542,0.7110041998441117,1,False
464103,1,2002.0,2020.0,2,0.5331905574095582,0.5907273772786468,1,True
464501,1,2004.0,2012.0,3,0.16215064019781092,0.3616779127426133,0,False
464502,1,2000.0,2018.0,1,0.27747288080799914,0.27747288080799914,0,False
465001,1,2000.0,2018.0,1,0.11428701535124242,0.11428701535124242,0,False
465102,1,2006.0,2018.0,4,0.3979457982501112,0.8066248441683055,1,True
465703,1,2004.0,2018.0,3,0.4184297319963196,0.7742365635039328,1,True
466203,1,2016.0,2020.0,9,0.9108315154873406,0.9843380842273916,1,True
466402,1,2014.0,2020.0,8,0.2642379114045368,0.7329749680569067,1,True
466501,0,,2004.0,3,0.12465674854180714,0.30385134717041007,0,True
467001,1,2006.0,2020.0,4,0.44362545885319676,0.7948787669919896,1,True
468303,1,2012.0,2020.0,7,0.20561105469496363,0.6592677962882445,1,True
469001,1,2002.0,2018.0,2,0.18060329550168686,0.3142708558685888,0,False
469002,1,2002.0,2020.0,2,0.34309663454396716,0.46845398698919916,0,False
469004,1,2002.0,2020.0,2,0.15519973193280287,0.27327267063473615,0,False
469101,1,2020.0,2020.0,11,0.8650476019223483,0.9965840632144634,1,True
469102,1,2020.0,2020.0,11,0.6851286177294675,0.9562226589086666,1,True
469203,1,2016.0,2020.0,9,0.90656215503518,0.9800792905531269,1,True
470002,1,2008.0,2020.0,5,0.23365819135965868,0.6605391015326783,1,True
470302,1,2012.0,2020.0,7,0.22863192774943333,0.6588544706928465,1,True
470501,1,2014.0,2020.0,8,0.1278684503605456,0.48618897216756496,0,False
470601,1,2010.0,2016.0,6,0.12921593466796502,0.48517015203164604,0,False
470603,1,2018.0,2020.0,10,0.9030674796105231,0.995560602940591,1,True
470801,1,2012.0,2020.0,7,0.11107463857821896,0.49266065448552265,0,False
471103,1,2004.0,2018.0,3,0.21414207875461239,0.42525245826719105,0,False
471401,1,2002.0,2010.0,2,0.19153457924081252,0.3315821921043425,0,False
472604,1,2014.0,2020.0,8,0.200241157569276,0.5937523847456598,1,True
473003,1,2002.0,2020.0,2,0.19178328478783668,0.3319737319030145,0,False
473301,0,,2014.0,8,0.10238749355152045,0.4357112672239821,0,True
473402,1,2002.0,2018.0,2,0.29315026592796034,0.4828356056158506,0,False
473404,1,2004.0,2018.0,3,0.12785264489395645,0.3088232958008378,0,False
473501,0,,2016.0,9,0.09614834229903012,0.4080490284512267,0,True
474102,1,2002.0,2020.0,2,0.2996259474485438,0.49187425593449974,0,False
474403,1,2006.0,2020.0,4,0.14218026028596045,0.41843323012885847,0,False
474501,0,,2018.0,10,0.1073880904926413,0.466029704862408,0,True
474502,0,,2018.0,10,0.07992020362874916,0.3783886160558757,0,True
474601,1,2002.0,2018.0,2,0.2965316809991625,0.4875644155139339,0,False
474602,1,2000.0,2018.0,1,0.3979895043544829,0.3979895043544829,0,False
474603,1,2008.0,2020.0,5,0.5261351838251075,0.9230601875703508,1,True
475401,1,2012.0,2020.0,7,0.1805558681201189,0.5230500210065974,1,True
475704,0,,2020.0,11,0.23120938223387563,0.8467746205463343,1,False
476301,0,,2016.0,9,0.05045457283287726,0.2377220577938306,0,True
476802,1,2006.0,2012.0,4,0.12477967957013715,0.37854393156103094,0,False
476804,1,2006.0,2020.0,4,0.10061392721011123,0.3147396284783671,0,False
477201,0,,2018.0,10,0.07340248812687428,0.3841590994658459,0,True
477401,1,2006.0,2020.0,4,0.3791977782394826,0.7817813575684434,1,True
478302,1,2008.0,2020.0,5,0.1026418049076327,0.30647527870600433,0,False
478402,0,,2020.0,11,0.21017256061099468,0.7171647980717607,1,False
478702,1,2000.0,2020.0,1,0.12114447249610132,0.12114447249610127,0,False
479602,1,2004.0,2018.0,3,0.5533084033415723,0.8051010583092327,1,True
480201,0,,2018.0,10,0.10076378054493314,0.38679359047057316,0,True
480401,1,2006.0,2014.0,4,0.36329223191740695,0.7472812554267342,1,True
480402,1,2008.0,2016.0,5,0.38229236807061145,0.7697115507312126,1,True
480901,0,,2020.0,11,0.14287722568546193,0.6311237121722176,1,False
481901,1,2008.0,2020.0,5,0.5423031916259261,0.9019049714028302,1,True
483801,1,2000.0,2016.0,1,0.10397732405522708,0.10397732405522708,0,False
484901,1,2004.0,2020.0,3,0.17980682031237705,0.41531359914014654,0,False
484902,1,2004.0,2018.0,3,0.13380642190300715,0.32157188834483796,0,False
486302,0,,2020.0,11,0.18310721307543923,0.6852686470607201,1,False
486501,1,2008.0,2020.0,5,0.3287004045091167,0.8043410126612054,1,True
487002,1,2012.0,2020.0,7,0.12004879241768368,0.5520700496349201,1,True
487101,1,2004.0,2018.0,3,0.6314808383214069,0.894791771899754,1,True
487103,1,2012.0,2020.0,7,0.20561105469496363,0.6592677962882445,1,True
487301,1,2012.0,2020.0,7,0.23048031698440757,0.5854485982736137,1,True
487303,1,2016.0,2020.0,9,0.9021807925280603,0.9756583765743971,1,True
487602,1,2002.0,2018.0,2,0.13557669610900072,0.24087339334491265,0,False
488504,0,,2018.0,10,0.17951151110156732,0.7356316158079902,1,False
489302,1,2000.0,2018.0,1,0.17339440954161647,0.17339440954161645,0,False
490601,0,,2020.0,11,0.39129540593926104,0.903344530440715,1,False
491902,0,,2020.0,11,0.1575662248129504,0.6471800862345425,1,False
491903,1,2002.0,2018.0,2,0.19161524844272565,0.3317092018297255,0,False
492202,1,2014.0,2020.0,8,0.24753365756336937,0.6642430864533,1,True
492501,1,2000.0,2020.0,1,0.21286508904882576,0.21286508904882573,0,False
492502,1,2004.0,2018.0,3,0.40493831513643574,0.6687341447003373,1,True
492503,1,2014.0,2018.0,8,0.3097601920206517,0.6946595569773422,1,True
493001,0,,2016.0,9,0.07731580154837205,0.3451305107628284,0,True
493402,1,2002.0,2014.0,2,0.5446948023809881,0.7787650764667633,1,True
493802,1,2004.0,2010.0,3,0.3635144974811519,0.6157232851330878,1,True
495001,1,2000.0,2018.0,1,0.11115649511688792,0.11115649511688797,0,False
495003,1,2006.0,2018.0,4,0.0726458834884969,0.2331375529932057,0,False
495004,1,2004.0,2020.0,3,0.10056162900498478,0.25022738616081186,0,False
495301,1,2002.0,2018.0,2,0.1991180425878998,0.34347434850230507,0,False
495401,1,2002.0,2020.0,2,0.15264866525472226,0.2690965169666042,0,False
495402,1,2008.0,2020.0,5,0.6382253098871449,0.8993148759856749,1,True
495501,1,2002.0,2020.0,2,0.7229382165442984,0.8299209518985144,1,True
495602,1,2010.0,2020.0,6,0.5268985345560309,0.9548875149945343,1,True
496201,1,2000.0,2018.0,1,0.1530925856991119,0.15309258569911188,0,False
496202,1,2002.0,2020.0,2,0.42357307247639514,0.5103167202621525,1,True
496203,1,2000.0,2020.0,1,0.1630811578428655,0.16308115784286548,0,False
497202,1,2004.0,2020.0,3,0.30332476689738763,0.5756328622963566,1,True
497305,1,2004.0,2018.0,3,0.22919647490336795,0.45078873636522976,0,False
497403,0,,2020.0,11,0.08274484499179692,0.45437127991265824,0,True
497601,1,2004.0,2018.0,3,0.4321281746010901,0.7115137107304728,1,True
497801,1,2002.0,2018.0,2,0.1490699511060876,0.26321998439486116,0,False
498102,1,2000.0,2018.0,1,0.25628621153737247,0.2562862115373725,0,False
498103,1,2014.0,2020.0,8,0.27472516341516207,0.6329395693773648,1,True
499001,1,2008.0,2020.0,5,0.21694404461014902,0.5284296927008538,1,True
