feature_index,feature,threshold,left_value,right_value,loss,iteration,csv_code,ref_id,variable,survey_year,feature_group,question
863,C0005700,1985.0,-0.2892037583394677,0.20478845173120402,0.19063957654171523,1,C0005700,C00057.00,CYRB,XRND,background,DATE OF BIRTH OF CHILD - YEAR
863,C0005700,1985.0,-0.28559011728393185,0.20223030321185342,0.19063957654171523,2,C0005700,C00057.00,CYRB,XRND,background,DATE OF BIRTH OF CHILD - YEAR
863,C0005700,1985.0,-0.282020807282597,0.19970483804757372,0.19063957654171523,3,C0005700,C00057.00,CYRB,XRND,background,DATE OF BIRTH OF CHILD - YEAR
863,C0005700,1985.0,-0.2784956620392539,0.19721174715339923,0.1906395765417152,4,C0005700,C00057.00,CYRB,XRND,background,DATE OF BIRTH OF CHILD - YEAR
863,C0005700,1985.0,-0.275014490079199,0.19475071655563153,0.1906395765417152,5,C0005700,C00057.00,CYRB,XRND,background,DATE OF BIRTH OF CHILD - YEAR
863,C0005700,1985.0,-0.2715770762974629,0.19232142791944823,0.19063957654171523,6,C0005700,C00057.00,CYRB,XRND,background,DATE OF BIRTH OF CHILD - YEAR
863,C0005700,1985.0,-0.2681831834589675,0.1899235590516176,0.19063957654171523,7,C0005700,C00057.00,CYRB,XRND,background,DATE OF BIRTH OF CHILD - YEAR
863,C0005700,1985.0,-0.2648325536496345,0.1875567843789926,0.19063957654171523,8,C0005700,C00057.00,CYRB,XRND,background,DATE OF BIRTH OF CHILD - YEAR
863,C0005700,1985.0,-0.2615249096777546,0.18522077540346987,0.19063957654171523,9,C0005700,C00057.00,CYRB,XRND,background,DATE OF BIRTH OF CHILD - YEAR
863,C0005700,1985.0,-0.2582599564251965,0.18291520113411705,0.19063957654171523,10,C0005700,C00057.00,CYRB,XRND,background,DATE OF BIRTH OF CHILD - YEAR
863,C0005700,1985.0,-0.25503738214826555,0.18063972849717597,0.1906395765417152,11,C0005700,C00057.00,CYRB,XRND,background,DATE OF BIRTH OF CHILD - YEAR
863,C0005700,1985.0,-0.25185685972825006,0.17839402272465654,0.19063957654171523,12,C0005700,C00057.00,CYRB,XRND,background,DATE OF BIRTH OF CHILD - YEAR
863,C0005700,1985.0,-0.2487180478718807,0.176177747722236,0.1906395765417152,13,C0005700,C00057.00,CYRB,XRND,background,DATE OF BIRTH OF CHILD - YEAR
863,C0005700,1984.0,-0.27979332490031383,0.15308151728228137,0.1905461147122859,14,C0005700,C00057.00,CYRB,XRND,background,DATE OF BIRTH OF CHILD - YEAR
863,C0005700,1985.0,-0.2429319216533316,0.1720914396612139,0.19051090087507738,15,C0005700,C00057.00,CYRB,XRND,background,DATE OF BIRTH OF CHILD - YEAR
863,C0005700,1984.0,-0.2732917778727462,0.1495350598769844,0.1904214752454422,16,C0005700,C00057.00,CYRB,XRND,background,DATE OF BIRTH OF CHILD - YEAR
863,C0005700,1985.0,-0.23729052359960284,0.16810560637152372,0.19038839421314765,17,C0005700,C00057.00,CYRB,XRND,background,DATE OF BIRTH OF CHILD - YEAR
863,C0005700,1984.0,-0.26695385563368135,0.14607602350499363,0.19030270213839517,18,C0005700,C00057.00,CYRB,XRND,background,DATE OF BIRTH OF CHILD - YEAR
863,C0005700,1985.0,-0.2317915018182825,0.16421800474054737,0.19027178966404895,19,C0005700,C00057.00,CYRB,XRND,background,DATE OF BIRTH OF CHILD - YEAR
377,C0008048,1.5,0.10551397755503855,-0.3554862331224197,0.18990099645121988,20,C0008048,C00080.48,CRES2006,2006,family/home,USUAL RESIDENCE OF CHILD
863,C0005700,1984.0,-0.258975972451745,0.14171698832428994,0.1897805927248666,21,C0005700,C00057.00,CYRB,XRND,background,DATE OF BIRTH OF CHILD - YEAR
377,C0008048,2.5,0.09993168171039868,-0.36112105906139175,0.18950144781228753,22,C0008048,C00080.48,CRES2006,2006,family/home,USUAL RESIDENCE OF CHILD
863,C0005700,1985.0,-0.2233968061215666,0.15827180773937483,0.18933779935014827,23,C0005700,C00057.00,CYRB,XRND,background,DATE OF BIRTH OF CHILD - YEAR
377,C0008048,1.5,0.10157811447237347,-0.34222795568777137,0.1890756332671466,24,C0008048,C00080.48,CRES2006,2006,family/home,USUAL RESIDENCE OF CHILD
863,C0005700,1984.0,-0.24951630367099167,0.1365342362439028,0.1889155810827282,25,C0005700,C00057.00,CYRB,XRND,background,DATE OF BIRTH OF CHILD - YEAR
377,C0008048,1.5,0.0996374291810251,-0.3357150046582519,0.18870687145098847,26,C0008048,C00080.48,CRES2006,2006,family/home,USUAL RESIDENCE OF CHILD
863,C0005700,1985.0,-0.2153737668992593,0.15257044037215967,0.1884752854903273,27,C0005700,C00057.00,CYRB,XRND,background,DATE OF BIRTH OF CHILD - YEAR
377,C0008048,2.5,0.09441117111453974,-0.34122725919838515,0.18832577060973332,28,C0008048,C00080.48,CRES2006,2006,family/home,USUAL RESIDENCE OF CHILD
863,C0005700,1984.0,-0.2404665817869654,0.13155727369946116,0.1881192888877029,29,C0005700,C00057.00,CYRB,XRND,background,DATE OF BIRTH OF CHILD - YEAR
377,C0008048,1.5,0.0959362404904197,-0.32332625791486724,0.1879702145224282,30,C0008048,C00080.48,CRES2006,2006,family/home,USUAL RESIDENCE OF CHILD
863,C0005700,1985.0,-0.20768870620557722,0.1470866982212235,0.18768687016400498,31,C0005700,C00057.00,CYRB,XRND,background,DATE OF BIRTH OF CHILD - YEAR
377,C0008048,2.5,0.09089315742950554,-0.3286273299518811,0.1876272268231301,32,C0008048,C00080.48,CRES2006,2006,family/home,USUAL RESIDENCE OF CHILD
863,C0005700,1985.0,-0.20380988305961503,0.1443139409088914,0.18736327055365734,33,C0005700,C00057.00,CYRB,XRND,background,DATE OF BIRTH OF CHILD - YEAR
377,C0008048,1.5,0.09240550160430624,-0.31154904656074844,0.1872760352571929,34,C0008048,C00080.48,CRES2006,2006,family/home,USUAL RESIDENCE OF CHILD
863,C0005700,1984.0,-0.22781949544194252,0.12456534710576729,0.18699547465465857,35,C0005700,C00057.00,CYRB,XRND,background,DATE OF BIRTH OF CHILD - YEAR
863,C0005700,1985.0,-0.19790294574107584,0.14008537571547325,0.18696913696010095,36,C0005700,C00057.00,CYRB,XRND,background,DATE OF BIRTH OF CHILD - YEAR
377,C0008048,1.5,0.09006189678906525,-0.3037712055121027,0.1866628178748621,37,C0008048,C00080.48,CRES2006,2006,family/home,USUAL RESIDENCE OF CHILD
863,C0005700,1984.0,-0.22120017738549377,0.1208973730188758,0.18662856853105567,38,C0005700,C00057.00,CYRB,XRND,background,DATE OF BIRTH OF CHILD - YEAR
377,C0008048,2.5,0.08532533011494012,-0.3088281518031925,0.18637210938929802,39,C0008048,C00080.48,CRES2006,2006,family/home,USUAL RESIDENCE OF CHILD
863,C0005700,1985.0,-0.19096774465167818,0.1350839661679113,0.18631042589683758,40,C0005700,C00057.00,CYRB,XRND,background,DATE OF BIRTH OF CHILD - YEAR
377,C0008048,1.5,0.08675397219513652,-0.29285856701350793,0.18607142490776313,41,C0008048,C00080.48,CRES2006,2006,family/home,USUAL RESIDENCE OF CHILD
644,Y3254900,2.5,-0.4387774600404809,0.056934272999943046,0.1858721423931257,42,Y3254900,Y32549.00,Q14-10M,2014,other,"WHEN R BUYS FOOD ITEM FOR FIRST TIME, HOW OFTEN R READS NUTRITIONAL"
863,C0005700,1984.0,-0.2131512212901186,0.1164030567604604,0.18546986149444722,43,C0005700,C00057.00,CYRB,XRND,background,DATE OF BIRTH OF CHILD - YEAR
377,C0008048,2.5,0.08205166677073053,-0.29727712172961496,0.18528494009470922,44,C0008048,C00080.48,CRES2006,2006,family/home,USUAL RESIDENCE OF CHILD
644,Y3254900,2.5,-0.4323552959927113,0.0560552217687929,0.18483848136594902,45,Y3254900,Y32549.00,Q14-10M,2014,other,"WHEN R BUYS FOOD ITEM FOR FIRST TIME, HOW OFTEN R READS NUTRITIONAL"
863,C0005700,1985.0,-0.1837932312495554,0.12988802732431548,0.18466507696267553,46,C0005700,C00057.00,CYRB,XRND,background,DATE OF BIRTH OF CHILD - YEAR
644,Y3254900,2.5,-0.426535878017786,0.055288165300766925,0.18434048150421886,47,Y3254900,Y32549.00,Q14-10M,2014,other,"WHEN R BUYS FOOD ITEM FOR FIRST TIME, HOW OFTEN R READS NUTRITIONAL"
377,C0008048,1.5,0.08316363924100187,-0.28106545781072173,0.1840074740095903,48,C0008048,C00080.48,CRES2006,2006,family/home,USUAL RESIDENCE OF CHILD
644,Y3254900,2.5,-0.4207684919135405,0.054506785977355844,0.1838643602953298,49,Y3254900,Y32549.00,Q14-10M,2014,other,"WHEN R BUYS FOOD ITEM FOR FIRST TIME, HOW OFTEN R READS NUTRITIONAL"
863,C0005700,1984.0,-0.2050422244237148,0.11184818651679773,0.18336430108915053,50,C0005700,C00057.00,CYRB,XRND,background,DATE OF BIRTH OF CHILD - YEAR
643,Y3300000,1.5,0.056056473029337424,-0.4024601278659507,0.18314620050511063,51,Y3300000,Y33000.00,Q15-143,2014,family/home,HOW OFTEN R OR HOUSEHOLD PUTS OFF BUYING SOMETHING NECESSARY (SUCH
377,C0008048,2.5,0.07849191088954002,-0.2847964211533947,0.1828400698987869,52,C0008048,C00080.48,CRES2006,2006,family/home,USUAL RESIDENCE OF CHILD
644,Y3254900,2.5,-0.4128954062461653,0.05342314427177052,0.18257450974556969,53,Y3254900,Y32549.00,Q14-10M,2014,other,"WHEN R BUYS FOOD ITEM FOR FIRST TIME, HOW OFTEN R READS NUTRITIONAL"
863,C0005700,1984.0,-0.20080933422469513,0.10944962924126667,0.18218850582023988,54,C0005700,C00057.00,CYRB,XRND,background,DATE OF BIRTH OF CHILD - YEAR
643,Y3300000,1.5,0.05488236953032742,-0.3945166820542603,0.18193664025401982,55,Y3300000,Y33000.00,Q15-143,2014,family/home,HOW OFTEN R OR HOUSEHOLD PUTS OFF BUYING SOMETHING NECESSARY (SUCH
863,C0005700,1985.0,-0.17439640949030574,0.12303656406059059,0.1816894409165382,56,C0005700,C00057.00,CYRB,XRND,background,DATE OF BIRTH OF CHILD - YEAR
644,Y3254900,2.5,-0.4052553160277417,0.05238773377147691,0.1813335289960191,57,Y3254900,Y32549.00,Q14-10M,2014,other,"WHEN R BUYS FOOD ITEM FOR FIRST TIME, HOW OFTEN R READS NUTRITIONAL"
377,C0008048,1.5,0.07885253173256027,-0.2670598254639787,0.1810421720214897,58,C0008048,C00080.48,CRES2006,2006,family/home,USUAL RESIDENCE OF CHILD
643,Y3300000,1.5,0.05374161966209909,-0.38678854901876525,0.18077824947304147,59,Y3300000,Y33000.00,Q15-143,2014,family/home,HOW OFTEN R OR HOUSEHOLD PUTS OFF BUYING SOMETHING NECESSARY (SUCH
863,C0005700,1984.0,-0.1944172561841179,0.10583427070257218,0.18057013742325398,60,C0005700,C00057.00,CYRB,XRND,background,DATE OF BIRTH OF CHILD - YEAR
644,Y3254900,2.5,-0.39779456357315396,0.05134690205262365,0.180156674850939,61,Y3254900,Y32549.00,Q14-10M,2014,other,"WHEN R BUYS FOOD ITEM FOR FIRST TIME, HOW OFTEN R READS NUTRITIONAL"
377,C0008048,2.5,0.0744386813147814,-0.2707644900950896,0.17998896894136124,62,C0008048,C00080.48,CRES2006,2006,family/home,USUAL RESIDENCE OF CHILD
643,Y3300000,1.5,0.05262011730683674,-0.37931940624922905,0.17966768097606817,63,Y3300000,Y33000.00,Q15-143,2014,family/home,HOW OFTEN R OR HOUSEHOLD PUTS OFF BUYING SOMETHING NECESSARY (SUCH
644,Y3254900,2.5,-0.3909478614262737,0.0504001839762031,0.17944188204883224,64,Y3254900,Y32549.00,Q14-10M,2014,other,"WHEN R BUYS FOOD ITEM FOR FIRST TIME, HOW OFTEN R READS NUTRITIONAL"
863,C0005700,1985.0,-0.16739302064563072,0.11785548805257035,0.17906090800947255,65,C0005700,C00057.00,CYRB,XRND,background,DATE OF BIRTH OF CHILD - YEAR
643,Y3300000,1.5,0.05167590954253898,-0.37279469740221277,0.1789613275947436,66,Y3300000,Y33000.00,Q15-143,2014,family/home,HOW OFTEN R OR HOUSEHOLD PUTS OFF BUYING SOMETHING NECESSARY (SUCH
733,Y3599000,550.0,0.04875410833537685,-0.39318603196558977,0.1785876739074439,67,Y3599000,Y35990.00,Q14-20A,2016,health,HEIGHT OF R IN INCHES (NOT INCLUDING FEET)
377,C0008048,1.5,0.07517269497848188,-0.25522302604675384,0.17817933421951426,68,C0008048,C00080.48,CRES2006,2006,family/home,USUAL RESIDENCE OF CHILD
644,Y3254900,2.5,-0.3834759177564086,0.04936262718286344,0.1779256225691624,69,Y3254900,Y32549.00,Q14-10M,2014,other,"WHEN R BUYS FOOD ITEM FOR FIRST TIME, HOW OFTEN R READS NUTRITIONAL"
748,Y3456000,1.5,0.04257633415678879,-0.44237800255181414,0.17753756049468364,70,Y3456000,Y34560.00,QES-71A.01,2016,socioeconomic/work,EASIEST WAY FOR R TO REPORT TOTAL EARNINGS/TIME UNIT FOR RATE OF
863,C0005700,1984.0,-0.18651464695800937,0.10130974029299665,0.17716800570628738,71,C0005700,C00057.00,CYRB,XRND,background,DATE OF BIRTH OF CHILD - YEAR
733,Y3599000,550.0,0.04779902707039956,-0.3860409615521839,0.1770610998313978,72,Y3599000,Y35990.00,Q14-20A,2016,health,HEIGHT OF R IN INCHES (NOT INCLUDING FEET)
643,Y3300000,1.5,0.05047259352588017,-0.36465509850035344,0.17667769024042906,73,Y3300000,Y33000.00,Q15-143,2014,family/home,HOW OFTEN R OR HOUSEHOLD PUTS OFF BUYING SOMETHING NECESSARY (SUCH
863,C0005700,1985.0,-0.162058440359415,0.1139429490227893,0.17630631097229582,74,C0005700,C00057.00,CYRB,XRND,background,DATE OF BIRTH OF CHILD - YEAR
644,Y3254900,2.5,-0.3759339085988418,0.04833591420912959,0.17604656067015165,75,Y3254900,Y32549.00,Q14-10M,2014,other,"WHEN R BUYS FOOD ITEM FOR FIRST TIME, HOW OFTEN R READS NUTRITIONAL"
748,Y3456000,1.5,0.0416946490476335,-0.43379249180740614,0.17566531307234257,76,Y3456000,Y34560.00,QES-71A.01,2016,socioeconomic/work,EASIEST WAY FOR R TO REPORT TOTAL EARNINGS/TIME UNIT FOR RATE OF
377,C0008048,2.5,0.07019079897958787,-0.2560850452654749,0.17544700858898143,77,C0008048,C00080.48,CRES2006,2006,family/home,USUAL RESIDENCE OF CHILD
733,Y3599000,550.0,0.04682821568184403,-0.37883525391451073,0.1751941058277905,78,Y3599000,Y35990.00,Q14-20A,2016,health,HEIGHT OF R IN INCHES (NOT INCLUDING FEET)
644,Y3254900,2.5,-0.37042920105866467,0.04757816641271189,0.17489050513012927,79,Y3254900,Y32549.00,Q14-10M,2014,other,"WHEN R BUYS FOOD ITEM FOR FIRST TIME, HOW OFTEN R READS NUTRITIONAL"
644,Y3254900,3.5,0.04121244789980657,-0.42743297710284517,0.17444541446149678,80,Y3254900,Y32549.00,Q14-10M,2014,other,"WHEN R BUYS FOOD ITEM FOR FIRST TIME, HOW OFTEN R READS NUTRITIONAL"
863,C0005700,1985.0,-0.15867179980867333,0.11145164129930842,0.1741370221779822,81,C0005700,C00057.00,CYRB,XRND,background,DATE OF BIRTH OF CHILD - YEAR
733,Y3599000,450.0,-0.40316498779139126,0.043075362872031175,0.173889029724744,82,Y3599000,Y35990.00,Q14-20A,2016,health,HEIGHT OF R IN INCHES (NOT INCLUDING FEET)
733,Y3599000,550.0,0.04622976693085795,-0.3740753170943649,0.17356453115475196,83,Y3599000,Y35990.00,Q14-20A,2016,health,HEIGHT OF R IN INCHES (NOT INCLUDING FEET)
643,Y3300000,1.5,0.04876085692126551,-0.3529221153668189,0.17324866690054744,84,Y3300000,Y33000.00,Q15-143,2014,family/home,HOW OFTEN R OR HOUSEHOLD PUTS OFF BUYING SOMETHING NECESSARY (SUCH
863,C0005700,1985.0,-0.1566378279829519,0.10999684213493144,0.1729591046843027,85,C0005700,C00057.00,CYRB,XRND,background,DATE OF BIRTH OF CHILD - YEAR
748,Y3456000,1.5,0.04037366114483174,-0.4208398573750928,0.17263042736695927,86,Y3456000,Y34560.00,QES-71A.01,2016,socioeconomic/work,EASIEST WAY FOR R TO REPORT TOTAL EARNINGS/TIME UNIT FOR RATE OF
644,Y3254900,2.5,-0.3630815802817791,0.046597470636541044,0.1723329090466104,87,Y3254900,Y32549.00,Q14-10M,2014,other,"WHEN R BUYS FOOD ITEM FOR FIRST TIME, HOW OFTEN R READS NUTRITIONAL"
644,Y3254900,3.5,0.04036271966204401,-0.41900315659663956,0.17190302556200351,88,Y3254900,Y32549.00,Q14-10M,2014,other,"WHEN R BUYS FOOD ITEM FOR FIRST TIME, HOW OFTEN R READS NUTRITIONAL"
733,Y3599000,450.0,-0.3954683464748366,0.042231345790042556,0.1717260486981378,89,Y3599000,Y35990.00,Q14-20A,2016,health,HEIGHT OF R IN INCHES (NOT INCLUDING FEET)
733,Y3599000,550.0,0.04538362235247813,-0.36739526480036916,0.17137204137402817,90,Y3599000,Y35990.00,Q14-20A,2016,health,HEIGHT OF R IN INCHES (NOT INCLUDING FEET)
377,C0008048,2.5,0.06761680004056596,-0.24697342232777691,0.17102509435576774,91,C0008048,C00080.48,CRES2006,2006,family/home,USUAL RESIDENCE OF CHILD
644,Y3254900,2.5,-0.35824106928479593,0.04593222430529713,0.17081778319357216,92,Y3254900,Y32549.00,Q14-10M,2014,other,"WHEN R BUYS FOOD ITEM FOR FIRST TIME, HOW OFTEN R READS NUTRITIONAL"
644,Y3254900,3.5,0.039731744371358374,-0.41290997771003835,0.17044084358001654,93,Y3254900,Y32549.00,Q14-10M,2014,other,"WHEN R BUYS FOOD ITEM FOR FIRST TIME, HOW OFTEN R READS NUTRITIONAL"
863,C0005700,1984.0,-0.17451779711715026,0.09454357798569116,0.1701282578926535,94,C0005700,C00057.00,CYRB,XRND,background,DATE OF BIRTH OF CHILD - YEAR
733,Y3599000,450.0,-0.3897196087135736,0.04154774581047276,0.16990849711714673,95,Y3599000,Y35990.00,Q14-20A,2016,health,HEIGHT OF R IN INCHES (NOT INCLUDING FEET)
733,Y3599000,550.0,0.04468677436836022,-0.36231534782750396,0.16954225248417584,96,Y3599000,Y35990.00,Q14-20A,2016,health,HEIGHT OF R IN INCHES (NOT INCLUDING FEET)
443,Y2590306,5.5,-0.3099673268013768,0.05212481409785535,0.1692258408053156,97,Y2590306,Y25903.06,Q16-9~000007,2010,behavioral/externalizing,TIPI (HOW WELL R THINKS PAIR OF PERSONALITY TRAITS APPLIES TO R) -
644,Y3254900,2.5,-0.3527741347272081,0.045207842183178304,0.16902445053543488,98,Y3254900,Y32549.00,Q14-10M,2014,other,"WHEN R BUYS FOOD ITEM FOR FIRST TIME, HOW OFTEN R READS NUTRITIONAL"
644,Y3254900,3.5,0.0390742264514645,-0.406326907234596,0.16868244797444074,99,Y3254900,Y32549.00,Q14-10M,2014,other,"WHEN R BUYS FOOD ITEM FOR FIRST TIME, HOW OFTEN R READS NUTRITIONAL"
863,C0005700,1985.0,-0.15125275367590904,0.1060857438626431,0.16832866979817193,100,C0005700,C00057.00,CYRB,XRND,background,DATE OF BIRTH OF CHILD - YEAR
733,Y3599000,450.0,-0.384249984237934,0.04095204902237619,0.16810737617631222,101,Y3599000,Y35990.00,Q14-20A,2016,health,HEIGHT OF R IN INCHES (NOT INCLUDING FEET)
733,Y3599000,550.0,0.04404629959408302,-0.35722168564334433,0.16775267397077076,102,Y3599000,Y35990.00,Q14-20A,2016,health,HEIGHT OF R IN INCHES (NOT INCLUDING FEET)
863,C0005700,1985.0,-0.14952939817419794,0.10487390919093101,0.16759023697852607,103,C0005700,C00057.00,CYRB,XRND,background,DATE OF BIRTH OF CHILD - YEAR
642,Y3332600,15.0,0.03913990495904843,-0.39519776436603643,0.167275854799558,104,Y3332600,Y33326.00,RESTYPE2014,2014,family/home,TYPE OF RESIDENCE R LIVES IN - CONSTRUCTED
644,Y3254900,2.5,-0.346479230711128,0.04439831534650316,0.16702202318771564,105,Y3254900,Y32549.00,Q14-10M,2014,other,"WHEN R BUYS FOOD ITEM FOR FIRST TIME, HOW OFTEN R READS NUTRITIONAL"
644,Y3254900,3.5,0.038366880461722944,-0.39901117775722594,0.16669891788643584,106,Y3254900,Y32549.00,Q14-10M,2014,other,"WHEN R BUYS FOOD ITEM FOR FIRST TIME, HOW OFTEN R READS NUTRITIONAL"
377,C0008048,2.5,0.06481777218390208,-0.237096437104253,0.16638789172215568,107,C0008048,C00080.48,CRES2006,2006,family/home,USUAL RESIDENCE OF CHILD
733,Y3599000,450.0,-0.37788604161694217,0.04023470240427502,0.16610727898345723,108,Y3599000,Y35990.00,Q14-20A,2016,health,HEIGHT OF R IN INCHES (NOT INCLUDING FEET)
733,Y3599000,550.0,0.043336250745264815,-0.3517708978352002,0.1657242031585933,109,Y3599000,Y35990.00,Q14-20A,2016,health,HEIGHT OF R IN INCHES (NOT INCLUDING FEET)
443,Y2590306,5.5,-0.2998965253173466,0.05037805640013482,0.16553536870535077,110,Y2590306,Y25903.06,Q16-9~000007,2010,behavioral/externalizing,TIPI (HOW WELL R THINKS PAIR OF PERSONALITY TRAITS APPLIES TO R) -
863,C0005700,1985.0,-0.14667353866071647,0.10280416527675583,0.16533842875694332,111,C0005700,C00057.00,CYRB,XRND,background,DATE OF BIRTH OF CHILD - YEAR
733,Y3599000,450.0,-0.373711214041081,0.03978452335341963,0.16504269465462904,112,Y3599000,Y35990.00,Q14-20A,2016,health,HEIGHT OF R IN INCHES (NOT INCLUDING FEET)
733,Y3599000,550.0,0.04282251713951452,-0.34765299616519585,0.164688935012153,113,Y3599000,Y35990.00,Q14-20A,2016,health,HEIGHT OF R IN INCHES (NOT INCLUDING FEET)
644,Y3254900,2.5,-0.3400469785050805,0.04352701200860448,0.16442803071001652,114,Y3254900,Y32549.00,Q14-10M,2014,other,"WHEN R BUYS FOOD ITEM FOR FIRST TIME, HOW OFTEN R READS NUTRITIONAL"
644,Y3254900,3.5,0.037553069578365794,-0.39103755548233887,0.1641613131056571,115,Y3254900,Y32549.00,Q14-10M,2014,other,"WHEN R BUYS FOOD ITEM FOR FIRST TIME, HOW OFTEN R READS NUTRITIONAL"
863,C0005700,1984.0,-0.16483409020063813,0.08919360747488628,0.1639685816014822,116,C0005700,C00057.00,CYRB,XRND,background,DATE OF BIRTH OF CHILD - YEAR
748,Y3456000,1.5,0.03717767168407012,-0.38905304297234056,0.16371373740786718,117,Y3456000,Y34560.00,QES-71A.01,2016,socioeconomic/work,EASIEST WAY FOR R TO REPORT TOTAL EARNINGS/TIME UNIT FOR RATE OF
643,Y3300000,1.5,0.04462642492354718,-0.3242870134068888,0.16341081947433672,118,Y3300000,Y33000.00,Q15-143,2014,family/home,HOW OFTEN R OR HOUSEHOLD PUTS OFF BUYING SOMETHING NECESSARY (SUCH
642,Y3332600,15.0,0.03761753270428907,-0.38061623196712496,0.16318567686685934,119,Y3332600,Y33326.00,RESTYPE2014,2014,family/home,TYPE OF RESIDENCE R LIVES IN - CONSTRUCTED
377,C0008048,2.5,0.0626629308571173,-0.2294938239482272,0.16289176357657234,120,C0008048,C00080.48,CRES2006,2006,family/home,USUAL RESIDENCE OF CHILD
733,Y3599000,550.0,0.041798341279999686,-0.33996623006535254,0.16265992437908114,121,Y3599000,Y35990.00,Q14-20A,2016,health,HEIGHT OF R IN INCHES (NOT INCLUDING FEET)
733,Y3599000,450.0,-0.365772885865772,0.03888561081350338,0.16229210178614495,122,Y3599000,Y35990.00,Q14-20A,2016,health,HEIGHT OF R IN INCHES (NOT INCLUDING FEET)
644,Y3254900,2.5,-0.33248486096543545,0.04249324623405952,0.16207504251366614,123,Y3254900,Y32549.00,Q14-10M,2014,other,"WHEN R BUYS FOOD ITEM FOR FIRST TIME, HOW OFTEN R READS NUTRITIONAL"
443,Y2590306,5.5,-0.2897795875918779,0.048588196954163124,0.16182570204225372,124,Y2590306,Y25903.06,Q16-9~000007,2010,behavioral/externalizing,TIPI (HOW WELL R THINKS PAIR OF PERSONALITY TRAITS APPLIES TO R) -
863,C0005700,1985.0,-0.14217323685942768,0.09951902346906438,0.16156352058683107,125,C0005700,C00057.00,CYRB,XRND,background,DATE OF BIRTH OF CHILD - YEAR
644,Y3254900,3.5,0.03649708222912392,-0.38096569332875607,0.1613027280217681,126,Y3254900,Y32549.00,Q14-10M,2014,other,"WHEN R BUYS FOOD ITEM FOR FIRST TIME, HOW OFTEN R READS NUTRITIONAL"
733,Y3599000,550.0,0.04120726270392011,-0.33528128717138406,0.16109762180070672,127,Y3599000,Y35990.00,Q14-20A,2016,health,HEIGHT OF R IN INCHES (NOT INCLUDING FEET)
733,Y3599000,450.0,-0.36071523483694384,0.03833313446533547,0.16074202444702523,128,Y3599000,Y35990.00,Q14-20A,2016,health,HEIGHT OF R IN INCHES (NOT INCLUDING FEET)
644,Y3254900,2.5,-0.3274347711136399,0.041831952652326754,0.1605702523918486,129,Y3254900,Y32549.00,Q14-10M,2014,other,"WHEN R BUYS FOOD ITEM FOR FIRST TIME, HOW OFTEN R READS NUTRITIONAL"
863,C0005700,1985.0,-0.1404082756742114,0.09826927048128185,0.16031482734492522,130,C0005700,C00057.00,CYRB,XRND,background,DATE OF BIRTH OF CHILD - YEAR
644,Y3254900,3.5,0.03598573158096112,-0.3757363833052452,0.16009830018420743,131,Y3254900,Y32549.00,Q14-10M,2014,other,"WHEN R BUYS FOOD ITEM FOR FIRST TIME, HOW OFTEN R READS NUTRITIONAL"
733,Y3599000,550.0,0.04069689680520169,-0.3312055205659597,0.1598560104399466,132,Y3599000,Y35990.00,Q14-20A,2016,health,HEIGHT OF R IN INCHES (NOT INCLUDING FEET)
733,Y3599000,450.0,-0.3560314261748215,0.03782547331901195,0.15953276709782108,133,Y3599000,Y35990.00,Q14-20A,2016,health,HEIGHT OF R IN INCHES (NOT INCLUDING FEET)
377,C0008048,2.5,0.06051693810231678,-0.2218888857566656,0.15935864502204328,134,C0008048,C00080.48,CRES2006,2006,family/home,USUAL RESIDENCE OF CHILD
642,Y3332600,15.0,0.03618999428605595,-0.3671034643978424,0.15909151420633422,135,Y3332600,Y33326.00,RESTYPE2014,2014,family/home,TYPE OF RESIDENCE R LIVES IN - CONSTRUCTED
443,Y2590306,5.5,-0.2812597887752328,0.047118149745512025,0.15887492579490844,136,Y2590306,Y25903.06,Q16-9~000007,2010,behavioral/externalizing,TIPI (HOW WELL R THINKS PAIR OF PERSONALITY TRAITS APPLIES TO R) -
644,Y3254900,2.5,-0.3210462848384149,0.04096609721315484,0.15863745369844315,137,Y3254900,Y32549.00,Q14-10M,2014,other,"WHEN R BUYS FOOD ITEM FOR FIRST TIME, HOW OFTEN R READS NUTRITIONAL"
863,C0005700,1985.0,-0.13785300577662557,0.09640586363311446,0.1583629261942068,138,C0005700,C00057.00,CYRB,XRND,background,DATE OF BIRTH OF CHILD - YEAR
733,Y3599000,550.0,0.04003583435051431,-0.3262819103927153,0.1581391017210833,139,Y3599000,Y35990.00,Q14-20A,2016,health,HEIGHT OF R IN INCHES (NOT INCLUDING FEET)
733,Y3599000,450.0,-0.35053212622572955,0.03718587478276821,0.15784190898691156,140,Y3599000,Y35990.00,Q14-20A,2016,health,HEIGHT OF R IN INCHES (NOT INCLUDING FEET)
644,Y3254900,3.5,0.03511729071935383,-0.3669803701662762,0.1576702324467332,141,Y3254900,Y32549.00,Q14-10M,2014,other,"WHEN R BUYS FOOD ITEM FOR FIRST TIME, HOW OFTEN R READS NUTRITIONAL"
863,C0005700,1984.0,-0.1550315928408951,0.08371613669994583,0.1574575576481071,142,C0005700,C00057.00,CYRB,XRND,background,DATE OF BIRTH OF CHILD - YEAR
730,C6051000,16.0,-0.32008499894679376,0.04010594335408413,0.157179925344271,143,C6051000,C60510.00,CRES2016,2016,family/home,USUAL RESIDENCE OF CHILD
644,Y3254900,2.5,-0.31629055095566055,0.04034856891965167,0.15695449588170002,144,Y3254900,Y32549.00,Q14-10M,2014,other,"WHEN R BUYS FOOD ITEM FOR FIRST TIME, HOW OFTEN R READS NUTRITIONAL"
733,Y3599000,550.0,0.0393960715369428,-0.32103907311183477,0.15676920516601847,145,Y3599000,Y35990.00,Q14-20A,2016,health,HEIGHT OF R IN INCHES (NOT INCLUDING FEET)
733,Y3599000,450.0,-0.34472065685082365,0.036572385238191264,0.1564957731645313,146,Y3599000,Y35990.00,Q14-20A,2016,health,HEIGHT OF R IN INCHES (NOT INCLUDING FEET)
863,C0005700,1985.0,-0.13511700582535144,0.09450290927240192,0.15622284661066232,147,C0005700,C00057.00,CYRB,XRND,background,DATE OF BIRTH OF CHILD - YEAR
644,Y3254900,3.5,0.03454294587528192,-0.3611108745930574,0.15605733734847807,148,Y3254900,Y32549.00,Q14-10M,2014,other,"WHEN R BUYS FOOD ITEM FOR FIRST TIME, HOW OFTEN R READS NUTRITIONAL"
644,Y3254900,2.5,-0.3122890630832947,0.03982646968437003,0.15583976640225772,149,Y3254900,Y32549.00,Q14-10M,2014,other,"WHEN R BUYS FOOD ITEM FOR FIRST TIME, HOW OFTEN R READS NUTRITIONAL"
377,C0008048,2.5,0.05830839801688091,-0.21412045570696042,0.15558784483918423,150,C0008048,C00080.48,CRES2006,2006,family/home,USUAL RESIDENCE OF CHILD
