feature_index,feature,threshold,left_value,right_value,loss,iteration,csv_code,survey_year,feature_group,question
249,C0005700,1985.0,-0.2892037583394677,0.20478845173120402,0.19063957654171523,1,C0005700,XRND,background,DATE OF BIRTH OF CHILD - YEAR
249,C0005700,1985.0,-0.28559011728393185,0.20223030321185342,0.19063957654171523,2,C0005700,XRND,background,DATE OF BIRTH OF CHILD - YEAR
249,C0005700,1985.0,-0.282020807282597,0.19970483804757372,0.19063957654171523,3,C0005700,XRND,background,DATE OF BIRTH OF CHILD - YEAR
249,C0005700,1985.0,-0.2784956620392539,0.19721174715339923,0.1906395765417152,4,C0005700,XRND,background,DATE OF BIRTH OF CHILD - YEAR
249,C0005700,1985.0,-0.275014490079199,0.19475071655563153,0.1906395765417152,5,C0005700,XRND,background,DATE OF BIRTH OF CHILD - YEAR
249,C0005700,1985.0,-0.2715770762974629,0.19232142791944823,0.19063957654171523,6,C0005700,XRND,background,DATE OF BIRTH OF CHILD - YEAR
249,C0005700,1985.0,-0.2681831834589675,0.1899235590516176,0.19063957654171523,7,C0005700,XRND,background,DATE OF BIRTH OF CHILD - YEAR
249,C0005700,1985.0,-0.2648325536496345,0.1875567843789926,0.19063957654171523,8,C0005700,XRND,background,DATE OF BIRTH OF CHILD - YEAR
249,C0005700,1985.0,-0.2615249096777546,0.18522077540346987,0.19063957654171523,9,C0005700,XRND,background,DATE OF BIRTH OF CHILD - YEAR
249,C0005700,1985.0,-0.2582599564251965,0.18291520113411705,0.19063957654171523,10,C0005700,XRND,background,DATE OF BIRTH OF CHILD - YEAR
249,C0005700,1985.0,-0.25503738214826555,0.18063972849717597,0.1906395765417152,11,C0005700,XRND,background,DATE OF BIRTH OF CHILD - YEAR
249,C0005700,1985.0,-0.25185685972825006,0.17839402272465654,0.19063957654171523,12,C0005700,XRND,background,DATE OF BIRTH OF CHILD - YEAR
249,C0005700,1985.0,-0.2487180478718807,0.176177747722236,0.1906395765417152,13,C0005700,XRND,background,DATE OF BIRTH OF CHILD - YEAR
249,C0005700,1984.0,-0.27979332490031383,0.15308151728228137,0.1905461147122859,14,C0005700,XRND,background,DATE OF BIRTH OF CHILD - YEAR
249,C0005700,1985.0,-0.2429319216533316,0.1720914396612139,0.19051090087507738,15,C0005700,XRND,background,DATE OF BIRTH OF CHILD - YEAR
249,C0005700,1984.0,-0.2732917778727462,0.1495350598769844,0.1904214752454422,16,C0005700,XRND,background,DATE OF BIRTH OF CHILD - YEAR
249,C0005700,1985.0,-0.23729052359960284,0.16810560637152372,0.19038839421314765,17,C0005700,XRND,background,DATE OF BIRTH OF CHILD - YEAR
249,C0005700,1984.0,-0.26695385563368135,0.14607602350499363,0.19030270213839517,18,C0005700,XRND,background,DATE OF BIRTH OF CHILD - YEAR
249,C0005700,1985.0,-0.2317915018182825,0.16421800474054737,0.19027178966404895,19,C0005700,XRND,background,DATE OF BIRTH OF CHILD - YEAR
249,C0005700,1984.0,-0.26077683568387405,0.14270244428778303,0.19018951901723158,20,C0005700,XRND,background,DATE OF BIRTH OF CHILD - YEAR
249,C0005700,1985.0,-0.2264323480532516,0.16042639681267598,0.19016082596607636,21,C0005700,XRND,background,DATE OF BIRTH OF CHILD - YEAR
249,C0005700,1984.0,-0.2547578260976408,0.1394123651733461,0.19008166127981527,22,C0005700,XRND,background,DATE OF BIRTH OF CHILD - YEAR
249,C0005700,1985.0,-0.22121042424182888,0.15672855541765948,0.19005524831374132,23,C0005700,XRND,background,DATE OF BIRTH OF CHILD - YEAR
249,C0005700,1984.0,-0.24889379501311443,0.13620384054551038,0.18997887581744002,24,C0005700,XRND,background,DATE OF BIRTH OF CHILD - YEAR
249,C0005700,1985.0,-0.21612298671502606,0.1531222691489542,0.18995480901440348,25,C0005700,XRND,background,DATE OF BIRTH OF CHILD - YEAR
249,C0005700,1984.0,-0.24318159746050738,0.13307494029381045,0.18988092070884888,26,C0005700,XRND,background,DATE OF BIRTH OF CHILD - YEAR
249,C0005700,1985.0,-0.21116720814317308,0.14960534674340512,0.1898592679949097,27,C0005700,XRND,background,DATE OF BIRTH OF CHILD - YEAR
249,C0005700,1984.0,-0.23761799965183553,0.13002375338712605,0.18978756489279944,28,C0005700,XRND,background,DATE OF BIRTH OF CHILD - YEAR
249,C0005700,1985.0,-0.20634019734191023,0.1461756209111616,0.18976839317644736,29,C0005700,XRND,background,DATE OF BIRTH OF CHILD - YEAR
249,C0005700,1984.0,-0.2321997008681874,0.1270483909920916,0.18969858782458507,30,C0005700,XRND,background,DATE OF BIRTH OF CHILD - YEAR
249,C0005700,1985.0,-0.20163901706198928,0.14283095166214055,0.18968196073449697,31,C0005700,XRND,background,DATE OF BIRTH OF CHILD - YEAR
249,C0005700,1984.0,-0.22692335308865036,0.1241469891750189,0.18961377912122696,32,C0005700,XRND,background,DATE OF BIRTH OF CHILD - YEAR
249,C0005700,1985.0,-0.19706069989117075,0.13956922917271875,0.18959975525939668,33,C0005700,XRND,background,DATE OF BIRTH OF CHILD - YEAR
249,C0005700,1984.0,-0.22178557850919062,0.12131771122378157,0.18953293819941228,34,C0005700,XRND,background,DATE OF BIRTH OF CHILD - YEAR
249,C0005700,1985.0,-0.19260226239840447,0.13638837623366723,0.18952156983165241,35,C0005700,XRND,background,DATE OF BIRTH OF CHILD - YEAR
249,C0005700,1984.0,-0.21678298510084595,0.11855874962381242,0.189455873909684,36,C0005700,XRND,background,DATE OF BIRTH OF CHILD - YEAR
249,C0005700,1985.0,-0.18826071764998614,0.13328635031769284,0.18944720602476608,37,C0005700,XRND,background,DATE OF BIRTH OF CHILD - YEAR
249,C0005700,1984.0,-0.21191218035513498,0.11586832772011203,0.18938240416987018,38,C0005700,XRND,background,DATE OF BIRTH OF CHILD - YEAR
249,C0005700,1985.0,-0.18403308622500372,0.13026114530235144,0.18937647384704992,39,C0005700,XRND,background,DATE OF BIRTH OF CHILD - YEAR
249,C0005700,1984.0,-0.20716978336116693,0.11324470109495467,0.18931235560028095,40,C0005700,XRND,background,DATE OF BIRTH OF CHILD - YEAR
249,C0005700,1985.0,-0.1799164058535474,0.127310792881563,0.18930919163264584,41,C0005700,XRND,background,DATE OF BIRTH OF CHILD - YEAR
249,C0005700,1984.0,-0.20255243535401085,0.1106861586888482,0.18924556316279423,42,C0005700,XRND,background,DATE OF BIRTH OF CHILD - YEAR
249,C0005700,1985.0,-0.1759077397962244,0.12443336369651686,0.18924518589080586,43,C0005700,XRND,background,DATE OF BIRTH OF CHILD - YEAR
249,C0005700,1984.0,-0.19805680886785088,0.10819102369024705,0.18918186980558527,44,C0005700,XRND,background,DATE OF BIRTH OF CHILD - YEAR
249,C0005700,1984.0,-0.19571179711247993,0.10688309823689353,0.18918250277080373,45,C0005700,XRND,background,DATE OF BIRTH OF CHILD - YEAR
249,C0005700,1985.0,-0.17022751294859526,0.12033958563999636,0.18912400090761547,46,C0005700,XRND,background,DATE OF BIRTH OF CHILD - YEAR
249,C0005700,1984.0,-0.19139327484606455,0.10448006984737351,0.18912241083339856,47,C0005700,XRND,background,DATE OF BIRTH OF CHILD - YEAR
249,C0005700,1985.0,-0.16647635126051438,0.11763601561353434,0.18906821531935566,48,C0005700,XRND,background,DATE OF BIRTH OF CHILD - YEAR
249,C0005700,1984.0,-0.1871883372622212,0.10213641238754508,0.1890650777971526,49,C0005700,XRND,background,DATE OF BIRTH OF CHILD - YEAR
249,C0005700,1985.0,-0.16282321823508372,0.11499893587011072,0.18901513921483304,50,C0005700,XRND,background,DATE OF BIRTH OF CHILD - YEAR
249,C0005700,1984.0,-0.1830938202361312,0.09985057326726017,0.1890103713264916,51,C0005700,XRND,background,DATE OF BIRTH OF CHILD - YEAR
249,C0005700,1985.0,-0.15926536665231728,0.11242660032814722,0.18896463388700707,52,C0005700,XRND,background,DATE OF BIRTH OF CHILD - YEAR
249,C0005700,1984.0,-0.17910661820918647,0.09762103585397468,0.18895816558959463,53,C0005700,XRND,background,DATE OF BIRTH OF CHILD - YEAR
249,C0005700,1985.0,-0.1558001032258988,0.10991730419662121,0.18891656752829147,54,C0005700,XRND,background,DATE OF BIRTH OF CHILD - YEAR
249,C0005700,1984.0,-0.1752236877235,0.09544631946560055,0.18890834095314374,55,C0005700,XRND,background,DATE OF BIRTH OF CHILD - YEAR
249,C0005700,1985.0,-0.1524247912550466,0.10746938388345109,0.1888708149616341,56,C0005700,XRND,background,DATE OF BIRTH OF CHILD - YEAR
249,C0005700,1984.0,-0.1714420502514587,0.09332497925447435,0.1888607836879017,57,C0005700,XRND,background,DATE OF BIRTH OF CHILD - YEAR
249,C0005700,1985.0,-0.14913685270624435,0.10508121678738681,0.18882725736932873,58,C0005700,XRND,background,DATE OF BIRTH OF CHILD - YEAR
249,C0005700,1984.0,-0.16775879439869962,0.09125560599570973,0.18881538568529135,59,C0005700,XRND,background,DATE OF BIRTH OF CHILD - YEAR
249,C0005700,1986.0,-0.13073147387647988,0.1148105141875886,0.18878066202226781,60,C0005700,XRND,background,DATE OF BIRTH OF CHILD - YEAR
249,C0005700,1983.0,-0.1849564402202612,0.07948115775392248,0.1887100831270751,61,C0005700,XRND,background,DATE OF BIRTH OF CHILD - YEAR
249,C0005700,1985.0,-0.143144518301829,0.10072094898382934,0.18867658966773398,62,C0005700,XRND,background,DATE OF BIRTH OF CHILD - YEAR
249,C0005700,1983.0,-0.18122082230391542,0.07781601529109608,0.18863591416039105,63,C0005700,XRND,background,DATE OF BIRTH OF CHILD - YEAR
249,C0005700,1986.0,-0.1258826061454094,0.11040040169759911,0.18855129421940764,64,C0005700,XRND,background,DATE OF BIRTH OF CHILD - YEAR
249,C0005700,1983.0,-0.17774101046171067,0.07626335833240692,0.1885375567901677,65,C0005700,XRND,background,DATE OF BIRTH OF CHILD - YEAR
249,C0005700,1986.0,-0.12346357199873033,0.1081996312116621,0.18846081338040727,66,C0005700,XRND,background,DATE OF BIRTH OF CHILD - YEAR
249,C0005700,1983.0,-0.17434405097799366,0.07474558822055945,0.1884432162302712,67,C0005700,XRND,background,DATE OF BIRTH OF CHILD - YEAR
249,C0005700,1986.0,-0.12110087190947834,0.10604749017768292,0.18837425821140555,68,C0005700,XRND,background,DATE OF BIRTH OF CHILD - YEAR
249,C0005700,1983.0,-0.17102771792174576,0.0732618551060608,0.1883527196205612,69,C0005700,XRND,background,DATE OF BIRTH OF CHILD - YEAR
249,C0005700,1986.0,-0.11879299752667143,0.10394279223036353,0.18829144370116124,70,C0005700,XRND,background,DATE OF BIRTH OF CHILD - YEAR
249,C0005700,1984.0,-0.14926823953020793,0.0808239529892758,0.18826514145785486,71,C0005700,XRND,background,DATE OF BIRTH OF CHILD - YEAR
249,C0005700,1986.0,-0.11642124069646143,0.10177894747769822,0.18823564666153536,72,C0005700,XRND,background,DATE OF BIRTH OF CHILD - YEAR
249,C0005700,1983.0,-0.16483508365532867,0.07048117773119095,0.1881531717884006,73,C0005700,XRND,background,DATE OF BIRTH OF CHILD - YEAR
249,C0005700,1983.0,-0.16300852492379342,0.0696547060004343,0.18815358343926145,74,C0005700,XRND,background,DATE OF BIRTH OF CHILD - YEAR
249,C0005700,1986.0,-0.11335373402989217,0.09895348807280197,0.18808238600047417,75,C0005700,XRND,background,DATE OF BIRTH OF CHILD - YEAR
249,C0005700,1983.0,-0.15995756553478252,0.06828361188682358,0.18807492672905576,76,C0005700,XRND,background,DATE OF BIRTH OF CHILD - YEAR
249,C0005700,1986.0,-0.11122591020852868,0.09700538877624515,0.18801160934190322,77,C0005700,XRND,background,DATE OF BIRTH OF CHILD - YEAR
249,C0005700,1983.0,-0.15697787524049478,0.06694298177434806,0.18799943620976498,78,C0005700,XRND,background,DATE OF BIRTH OF CHILD - YEAR
249,C0005700,1986.0,-0.10914658293168801,0.09509975126114137,0.18794383855977367,79,C0005700,XRND,background,DATE OF BIRTH OF CHILD - YEAR
249,C0005700,1983.0,-0.1540675169474738,0.0656320721266535,0.18792697743758452,80,C0005700,XRND,background,DATE OF BIRTH OF CHILD - YEAR
249,C0005700,1986.0,-0.10711444462852693,0.09323554089729368,0.1878789331707918,81,C0005700,XRND,background,DATE OF BIRTH OF CHILD - YEAR
249,C0005700,1983.0,-0.15122460525868534,0.06435015781154049,0.18785742199703284,82,C0005700,XRND,background,DATE OF BIRTH OF CHILD - YEAR
249,C0005700,1986.0,-0.10512822326154307,0.09141174917061282,0.18781675957890392,83,C0005700,XRND,background,DATE OF BIRTH OF CHILD - YEAR
249,C0005700,1983.0,-0.14844730585274393,0.06309653176826822,0.18779064722376715,84,C0005700,XRND,background,DATE OF BIRTH OF CHILD - YEAR
117,C1220200,3.5,0.15025249611066596,-0.06211634669113341,0.1877535673583589,85,C1220200,1994,health,HEALTH: CHILD'S HEIGHT - FEET
249,C0005700,1985.0,-0.114487278823688,0.07970382772491834,0.18765531485269593,86,C0005700,XRND,background,DATE OF BIRTH OF CHILD - YEAR
249,C0005700,1983.0,-0.14494454047982155,0.06151826068391578,0.18762150235318922,87,C0005700,XRND,background,DATE OF BIRTH OF CHILD - YEAR
117,C1220200,3.5,0.14690824923053825,-0.06082143055899258,0.18754789465260646,88,C1220200,1994,health,HEALTH: CHILD'S HEIGHT - FEET
249,C0005700,1983.0,-0.1427381758009876,0.060522764248128955,0.18750406322298732,89,C0005700,XRND,background,DATE OF BIRTH OF CHILD - YEAR
117,C1220200,3.5,0.14452638705478404,-0.059895466121665075,0.18744065097403315,90,C1220200,1994,health,HEALTH: CHILD'S HEIGHT - FEET
249,C0005700,1986.0,-0.09877030277290227,0.08558969516042467,0.18736679274397994,91,C0005700,XRND,background,DATE OF BIRTH OF CHILD - YEAR
249,C0005700,1983.0,-0.1395218446200226,0.05908011558930961,0.1873321477895254,92,C0005700,XRND,background,DATE OF BIRTH OF CHILD - YEAR
117,C1220200,3.5,0.1412624482263098,-0.058621547625908765,0.187260430516331,93,C1220200,1994,health,HEALTH: CHILD'S HEIGHT - FEET
249,C0005700,1984.0,-0.12231296964109914,0.06549339599166425,0.1872221409251278,94,C0005700,XRND,background,DATE OF BIRTH OF CHILD - YEAR
117,C1220200,3.5,0.13890524301969617,-0.057700534370761,0.1871709602272186,95,C1220200,1994,health,HEALTH: CHILD'S HEIGHT - FEET
249,C0005700,1983.0,-0.13551285998150728,0.05727261589036442,0.18710048203508986,96,C0005700,XRND,background,DATE OF BIRTH OF CHILD - YEAR
249,C0005700,1986.0,-0.09427835480054424,0.08145540529078839,0.1870747873703961,97,C0005700,XRND,background,DATE OF BIRTH OF CHILD - YEAR
117,C1220200,3.5,0.13579417629496257,-0.056484844358100035,0.18700540899997112,98,C1220200,1994,health,HEALTH: CHILD'S HEIGHT - FEET
249,C0005700,1983.0,-0.13249769313324247,0.05592214511770728,0.18694855614798533,99,C0005700,XRND,background,DATE OF BIRTH OF CHILD - YEAR
117,C1220200,3.5,0.13362395646898975,-0.05563925346994391,0.18691497111347952,100,C1220200,1994,health,HEALTH: CHILD'S HEIGHT - FEET
249,C0005700,1983.0,-0.13052552228769576,0.05503459484547862,0.18685294058758475,101,C0005700,XRND,background,DATE OF BIRTH OF CHILD - YEAR
117,C1220200,3.5,0.1314945859312212,-0.05480905807179682,0.18682757370319988,102,C1220200,1994,health,HEALTH: CHILD'S HEIGHT - FEET
249,C0005700,1983.0,-0.1285900364154241,0.054164072479694174,0.18676060773082162,103,C0005700,XRND,background,DATE OF BIRTH OF CHILD - YEAR
249,C0005700,1986.0,-0.08955974211600459,0.07713663778357252,0.18673049213973497,104,C0005700,XRND,background,DATE OF BIRTH OF CHILD - YEAR
117,C1220200,3.5,0.12857935670512963,-0.053668039202478805,0.18668042826913323,105,C1220200,1994,health,HEALTH: CHILD'S HEIGHT - FEET
249,C0005700,1983.0,-0.12576459812672952,0.0529004025405434,0.18662533873892748,106,C0005700,XRND,background,DATE OF BIRTH OF CHILD - YEAR
117,C1220200,3.5,0.12654533813080296,-0.05287402323943057,0.18660021463210155,107,C1220200,1994,health,HEALTH: CHILD'S HEIGHT - FEET
249,C0005700,1983.0,-0.12391632935704071,0.05207007343908334,0.18654032420687555,108,C0005700,XRND,background,DATE OF BIRTH OF CHILD - YEAR
117,C1220200,3.5,0.12454921074075113,-0.05209425412460148,0.1865226635873743,109,C1220200,1994,health,HEALTH: CHILD'S HEIGHT - FEET
249,C0005700,1983.0,-0.12210197026541979,0.0512555210618812,0.1864581997102689,110,C0005700,XRND,background,DATE OF BIRTH OF CHILD - YEAR
249,C0005700,1986.0,-0.08512941615765927,0.07308863159502829,0.18642540486681666,111,C0005700,XRND,background,DATE OF BIRTH OF CHILD - YEAR
117,C1220200,3.5,0.12181565046612633,-0.05102231438149799,0.18639168529410874,112,C1220200,1994,health,HEALTH: CHILD'S HEIGHT - FEET
249,C0005700,1983.0,-0.11945197080616558,0.05007231506243926,0.18633762013792013,113,C0005700,XRND,background,DATE OF BIRTH OF CHILD - YEAR
117,C1220200,3.5,0.1199079810324693,-0.05027603141201419,0.18632043185366404,114,C1220200,1994,health,HEALTH: CHILD'S HEIGHT - FEET
249,C0005700,1983.0,-0.1177182609104253,0.049295013305269246,0.18626194159318873,115,C0005700,XRND,background,DATE OF BIRTH OF CHILD - YEAR
249,C0005700,1986.0,-0.08202738649712338,0.0702640188985973,0.18624289026797747,116,C0005700,XRND,background,DATE OF BIRTH OF CHILD - YEAR
117,C1220200,3.5,0.11729621888111579,-0.04925034994192842,0.1862000817136874,117,C1220200,1994,health,HEALTH: CHILD'S HEIGHT - FEET
249,C0005700,1983.0,-0.11518627454830924,0.04816597931410074,0.18615091334474348,118,C0005700,XRND,background,DATE OF BIRTH OF CHILD - YEAR
55,C0994500,636.0,-0.15400335179807073,0.03497769979196909,0.18613282199889372,119,C0994500,1990,behavioral/externalizing,BEHAVIOR PROBLEMS INDEX: ANTISOCIAL PERCENTILE SCORE - ALL CHILDREN
117,C1220200,3.5,0.11510106099643391,-0.0483697686887447,0.18605165965516773,120,C1220200,1994,health,HEALTH: CHILD'S HEIGHT - FEET
205,C1977300,2.5,0.15478228206772235,-0.03609070429481299,0.1859754408078287,121,C1977300,1998,behavioral/externalizing,BEHAVIOR PROBLEMS INDEX: CHILD CHEATS OR TELLS LIES
249,C0005700,1983.0,-0.11289790678586135,0.04716907908295744,0.18590371769606784,122,C0005700,XRND,background,DATE OF BIRTH OF CHILD - YEAR
55,C0994500,636.0,-0.15140103198369995,0.03435556428969128,0.18585389392395657,123,C0994500,1990,behavioral/externalizing,BEHAVIOR PROBLEMS INDEX: ANTISOCIAL PERCENTILE SCORE - ALL CHILDREN
205,C1977300,2.5,0.15242009482002133,-0.03558325928517374,0.18579349867705952,124,C1977300,1998,behavioral/externalizing,BEHAVIOR PROBLEMS INDEX: CHILD CHEATS OR TELLS LIES
249,C0005700,1983.0,-0.11114094545009819,0.04638473529470471,0.18573327174323265,125,C0005700,XRND,background,DATE OF BIRTH OF CHILD - YEAR
55,C0994500,636.0,-0.14935448061812984,0.03385017715595373,0.18566299016594,126,C0994500,1990,behavioral/externalizing,BEHAVIOR PROBLEMS INDEX: ANTISOCIAL PERCENTILE SCORE - ALL CHILDREN
187,C1662300,2.5,0.15135085985206106,-0.03496987734710662,0.18559291403332012,127,C1662300,1996,school/achievement,PIAT MATH: CHILD GRADE IN SCHOOL
205,C1977300,2.5,0.14968712379500362,-0.034979621301009546,0.18553589800726725,128,C1977300,1998,behavioral/externalizing,BEHAVIOR PROBLEMS INDEX: CHILD CHEATS OR TELLS LIES
117,C1220200,3.5,0.11043448523528901,-0.04648884686282739,0.18546699241480485,129,C1220200,1994,health,HEALTH: CHILD'S HEIGHT - FEET
55,C0994500,636.0,-0.14679147100291906,0.03328924853302003,0.18540007123967722,130,C0994500,1990,behavioral/externalizing,BEHAVIOR PROBLEMS INDEX: ANTISOCIAL PERCENTILE SCORE - ALL CHILDREN
249,C0005700,1983.0,-0.1083559760044947,0.04520322231401671,0.18534132487442692,131,C0005700,XRND,background,DATE OF BIRTH OF CHILD - YEAR
205,C1977300,2.5,0.14699821374548389,-0.03438296171692053,0.1852911938509058,132,C1977300,1998,behavioral/externalizing,BEHAVIOR PROBLEMS INDEX: CHILD CHEATS OR TELLS LIES
55,C0994500,636.0,-0.1448252972331539,0.032802716050614446,0.18522211812523806,133,C0994500,1990,behavioral/externalizing,BEHAVIOR PROBLEMS INDEX: ANTISOCIAL PERCENTILE SCORE - ALL CHILDREN
187,C1662300,2.5,0.14678377007201407,-0.03393622702403349,0.1851533918167709,134,C1662300,1996,school/achievement,PIAT MATH: CHILD GRADE IN SCHOOL
249,C0005700,1983.0,-0.10635190226779687,0.04432787332389198,0.1851124916072262,135,C0005700,XRND,background,DATE OF BIRTH OF CHILD - YEAR
205,C1977300,2.5,0.14438968412453032,-0.03380604647270453,0.1850532650975844,136,C1977300,1998,behavioral/externalizing,BEHAVIOR PROBLEMS INDEX: CHILD CHEATS OR TELLS LIES
55,C0994500,636.0,-0.14254393179528901,0.03225621547978024,0.18497128634174187,137,C0994500,1990,behavioral/externalizing,BEHAVIOR PROBLEMS INDEX: ANTISOCIAL PERCENTILE SCORE - ALL CHILDREN
187,C1662300,2.5,0.14395875543431957,-0.033317847881980306,0.1849350802641051,138,C1662300,1996,school/achievement,PIAT MATH: CHILD GRADE IN SCHOOL
205,C1977300,2.5,0.1423243158095029,-0.03331261286711195,0.18488833416021452,139,C1977300,1998,behavioral/externalizing,BEHAVIOR PROBLEMS INDEX: CHILD CHEATS OR TELLS LIES
55,C0994500,636.0,-0.14058595940283405,0.031824582770388,0.18480263901959823,140,C0994500,1990,behavioral/externalizing,BEHAVIOR PROBLEMS INDEX: ANTISOCIAL PERCENTILE SCORE - ALL CHILDREN
249,C0005700,1983.0,-0.10383307166800539,0.043249231080956796,0.18474612111297714,141,C0005700,XRND,background,DATE OF BIRTH OF CHILD - YEAR
117,C1220200,3.5,0.10426012392261806,-0.043991525876377786,0.18470055429170396,142,C1220200,1994,health,HEALTH: CHILD'S HEIGHT - FEET
19,C0781100,2.5,0.026954371823102286,-0.15958325507679302,0.1846651058094057,143,C0781100,1988,behavioral/externalizing,BEHAVIOR PROBLEMS INDEX: CHILD CHEATS OR TELLS LIES
205,C1977300,2.5,0.13954366329515064,-0.03270940964083786,0.18459499847850205,144,C1977300,1998,behavioral/externalizing,BEHAVIOR PROBLEMS INDEX: CHILD CHEATS OR TELLS LIES
55,C0994500,636.0,-0.13783528337979958,0.031154608454198072,0.18451821510047942,145,C0994500,1990,behavioral/externalizing,BEHAVIOR PROBLEMS INDEX: ANTISOCIAL PERCENTILE SCORE - ALL CHILDREN
187,C1662300,2.5,0.139394555741514,-0.0322963314117592,0.18446969463571128,146,C1662300,1996,school/achievement,PIAT MATH: CHILD GRADE IN SCHOOL
205,C1977300,2.5,0.13756702000700258,-0.0322347909293715,0.18444201725016723,147,C1977300,1998,behavioral/externalizing,BEHAVIOR PROBLEMS INDEX: CHILD CHEATS OR TELLS LIES
55,C0994500,636.0,-0.13595790456902387,0.0307430543696065,0.1843617686665175,148,C0994500,1990,behavioral/externalizing,BEHAVIOR PROBLEMS INDEX: ANTISOCIAL PERCENTILE SCORE - ALL CHILDREN
249,C0005700,1983.0,-0.10042397814737754,0.041788887034890865,0.18430976482602046,149,C0005700,XRND,background,DATE OF BIRTH OF CHILD - YEAR
19,C0781100,2.5,0.02618113010850688,-0.15525905278644433,0.18427248999759308,150,C0781100,1988,behavioral/externalizing,BEHAVIOR PROBLEMS INDEX: CHILD CHEATS OR TELLS LIES
