csv_code,coefficient,survey_year,feature_group,question,abs_coefficient
C1662300,-0.34815421977816174,1996,school/achievement,PIAT MATH: CHILD GRADE IN SCHOOL,0.34815421977816174
C0005700,0.34223766749603896,XRND,background,DATE OF BIRTH OF CHILD - YEAR,0.34223766749603896
C0984100,0.3043213800664569,1990,behavioral/externalizing,BEHAVIOR PROBLEMS INDEX: CHILD CHEATS OR TELLS LIES,0.3043213800664569
C0823600,-0.27722259175887565,1990,health,HEALTH: IS CHILD 8 YRS OR OLDER?,0.27722259175887565
Y0672800,0.26323172610527673,1996,prior delinquency/contact,YASR: EVER BEEN SENTENCED TO A CORRECTIONS INSTITUTION/JAIL/REFORM,0.26323172610527673
C1977300,-0.2382884486460963,1998,behavioral/externalizing,BEHAVIOR PROBLEMS INDEX: CHILD CHEATS OR TELLS LIES,0.2382884486460963
C1977500,0.20828940593772846,1998,behavioral/externalizing,BEHAVIOR PROBLEMS INDEX: CHILD ARGUES TOO MUCH,0.20828940593772846
C1366500,-0.20572314363808192,1994,school/achievement,CHILD SELF-ADMIN: HOW OFTEN IN LAST YEAR DAMAGED SCHOOL PROPERTY ON,0.20572314363808192
Y0971600,-0.20307180024307558,1998,socioeconomic/work,YA SELF-REPORT: WAS VOLUNTEER WORK COURT ORDERED?,0.20307180024307558
C0782000,-0.2011694978342733,1988,behavioral/externalizing,BEHAVIOR PROBLEMS INDEX: CHILD IS IMPULSIVE OR ACTS WITHOUT,0.2011694978342733
C0005500,0.19507979342316906,XRND,background,DATE OF BIRTH OF CHILD - MONTH,0.19507979342316906
C1636400,-0.19408443352347846,1996,behavioral/externalizing,BEHAVIOR PROBLEMS INDEX: CHILD CHEATS OR TELLS LIES,0.19408443352347846
C0781100,-0.16994062803940901,1988,behavioral/externalizing,BEHAVIOR PROBLEMS INDEX: CHILD CHEATS OR TELLS LIES,0.16994062803940901
C0781300,-0.1683603852068233,1988,behavioral/externalizing,BEHAVIOR PROBLEMS INDEX: CHILD ARGUES TOO MUCH,0.1683603852068233
C0005800,0.16738678184183442,XRND,background,BIRTH ORDER OF CHILD,0.16738678184183442
Y0672100,-0.15754772609881212,1996,substance/risk behavior,YASR: EVER CONVICTED OF DRINKING/PURCHASING ALCOHOL WHILE UNDER,0.15754772609881212
C0793800,-0.1550702649752128,1988,behavioral/externalizing,BEHAVIOR PROBLEMS INDEX: ANTISOCIAL RAW SCORE,0.1550702649752128
C1980000,-0.15417198243582478,1998,behavioral/externalizing,BEHAVIOR PROBLEMS INDEX: CHILD IS DISOBEDIENT AT SCHOOL,0.15417198243582478
C0005400,-0.14970322571557548,XRND,background,SEX OF CHILD,0.14970322571557548
C1194800,0.14512662808691662,1992,behavioral/externalizing,BEHAVIOR PROBLEMS INDEX: ANTISOCIAL PERCENTILE SCORE - ALL CHILDREN,0.14512662808691662
Y0968500,-0.14241563715639313,1998,prior delinquency/contact,YA SELF-REPORT: EVER CONVICTED OF ROBBERY?,0.14241563715639313
C1592600,-0.14218210232947706,1996,substance/risk behavior,CHILD SELF-ADMIN: CHILD'S AGE WHEN FIRST USED MARIJUANA,0.14218210232947706
Y0968800,-0.13851958979018106,1998,prior delinquency/contact,YA SELF-REPORT: EVER CONVICTED OF DESTRUCTION OF PROPERTY?,0.13851958979018106
C0005300,-0.1367049279838795,XRND,background,RACE OF CHILD (MOTHER'S RACIAL/ETHNIC COHORT FROM SCREENER),0.1367049279838795
C1506300,0.13612606981840475,1994,behavioral/externalizing,BEHAVIOR PROBLEMS INDEX: EXTERNAL RAW SCORE TRICHOTOMOUS ITEMS -,0.13612606981840475
Y0966400,0.13577063003567436,1998,prior delinquency/contact,YA SELF-REPORT: HAVE YOU EVER IN PAST YEAR GOTTEN INTO FIGHT AT,0.13577063003567436
C1927700,0.1354765591172308,1998,school/achievement,CHILD SELF-ADMIN: HOW OFTEN IN LAST YEAR DAMAGED SCHOOL PROPERTY ON,0.1354765591172308
C0573400,0.1352778668374347,1986,behavioral/externalizing,BEHAVIOR PROBLEMS INDEX: ANTISOCIAL RAW SCORE,0.1352778668374347
C1978200,-0.1325607044692508,1998,behavioral/externalizing,BEHAVIOR PROBLEMS INDEX: CHILD IS IMPULSIVE OR ACTS WITHOUT,0.1325607044692508
Y0969100,-0.13077991515359097,1998,substance/risk behavior,YA SELF-REPORT: EVER CONVICTED OF SELLING MARIJUANA OR HASHISH?,0.13077991515359097
C1978000,-0.13074214863712855,1998,behavioral/externalizing,BEHAVIOR PROBLEMS INDEX: CHILD DOES NOT SEEM TO FEEL SORRY AFTER,0.13074214863712855
C1978800,-0.12960673368716852,1998,behavioral/externalizing,BEHAVIOR PROBLEMS INDEX: CHILD HAS STRONG TEMPER AND LOSES IT,0.12960673368716852
Y0968400,0.12747207698323573,1998,prior delinquency/contact,YA SELF-REPORT: EVER CONVICTED OF ASSAULT?,0.12747207698323573
C0730700,-0.12417635948629659,1988,prior delinquency/contact,CHILD SELF-ADMINISTERED: HURT SOMEONE BAD ENOUGH TO NEED A DOCTOR,0.12417635948629659
S0013300,-0.12087356474443647,1995,school/achievement,SCHOOLING #1: AMOUNT OF HOMEWORK ASSIGNED AT GRADE LEVEL,0.12087356474443647
C1636600,0.12023684054850145,1996,behavioral/externalizing,BEHAVIOR PROBLEMS INDEX: CHILD ARGUES TOO MUCH,0.12023684054850145
Y0672400,-0.11592168210942898,1996,prior delinquency/contact,YA SELF-REPORT: EVER BEEN ON PROBATION?,0.11592168210942898
C1637300,0.1143540545027972,1996,behavioral/externalizing,BEHAVIOR PROBLEMS INDEX: CHILD IS IMPULSIVE OR ACTS WITHOUT,0.1143540545027972
C1802100,-0.11385762447031088,1998,school/achievement,WHAT I AM LIKE/SPPC: SOME DO WELL AT CLASSWORK/OTHERS DO NOT DO SO,0.11385762447031088
C1795200,-0.1129249112445729,1998,behavioral/externalizing,BEHAVIOR PROBLEMS INDEX: ANTISOCIAL PERCENTILE SCORE - ALL CHILDREN,0.1129249112445729
C0997106,0.11212408933813879,1990,behavioral/externalizing,BEHAVIOR PROBLEMS INDEX: EXTERNAL STANDARD SCORE TRICHOTOMOUS ITEMS,0.11212408933813879
C0606300,-0.11199421324035673,1988,health,HEALTH: CHILD'S HEIGHT - FEET,0.11199421324035673
C1197415,-0.11075723784978135,1992,behavioral/externalizing,BEHAVIOR PROBLEMS INDEX: EXTERNAL PERCENTILE SCORE TRICHOTOMOUS,0.11075723784978135
C1196900,-0.1102364520342661,1992,behavioral/externalizing,BEHAVIOR PROBLEMS INDEX: ANTISOCIAL STANDARD SCORE - SAME SEX,0.1102364520342661
C0127413,-0.1086451680233419,1991,family/home,# HOUSEHOLD MEMBERS AGED 6 - 11 IN HOUSEHOLD OF MOTHER,0.1086451680233419
C1639100,-0.1083407315824571,1996,behavioral/externalizing,BEHAVIOR PROBLEMS INDEX: CHILD IS DISOBEDIENT AT SCHOOL,0.1083407315824571
C0797105,-0.10733050712524364,1988,behavioral/externalizing,BEHAVIOR PROBLEMS INDEX: EXTERNAL PERCENTILE SCORE TRICHOTOMOUS,0.10733050712524364
Y0377400,0.10702638012719815,1994,prior delinquency/contact,YA SELF-REPORT: EVER CONVICTED OF ROBBERY?,0.10702638012719815
Y0673500,0.1051907700754903,1996,prior delinquency/contact,YA SELF-REPORT: NUMBER OF TIMES REFERRED TO COURT-RELATED,0.1051907700754903
C0565800,0.10108890568963104,1986,behavioral/externalizing,BEHAVIOR PROBLEMS INDEX: CHILD HAS STRONG TEMPER AND LOSES IT,0.10108890568963104
Y0970200,0.10102641809719352,1998,prior delinquency/contact,YASR: EVER BEEN SENTENCED TO A CORRECTIONS INSTITUTION/JAIL/REFORM,0.10102641809719352
C1435700,0.10074838590763235,1994,behavioral/externalizing,BEHAVIOR PROBLEMS INDEX: CHILD IS IMPULSIVE OR ACTS WITHOUT,0.10074838590763235
C1140400,0.10050497746028006,1992,substance/risk behavior,CHILD SELF-ADMINISTERED: CHILD'S AGE WHEN FIRST USED MARIJUANA,0.10050497746028006
C0782600,0.09589738124892587,1988,behavioral/externalizing,BEHAVIOR PROBLEMS INDEX: CHILD HAS STRONG TEMPER AND LOSES IT,0.09589738124892587
C1140100,0.0956081109944427,1992,substance/risk behavior,CHILD SELF-ADMINISTERED: CHILD'S AGE WHEN FIRST DRANK ALCOHOL,0.0956081109944427
C0578100,0.09551668558819226,1986,school/achievement,MEMORY FOR LOCATION:  TOTAL RAW SCORE,0.09551668558819226
Y0671000,-0.0954244483012304,1996,prior delinquency/contact,YA SELF-REPORT: EVER CONVICTED OF ASSAULT?,0.0954244483012304
Y0668900,-0.09502403067153867,1996,prior delinquency/contact,YA SELF-REPORT: EVER IN LAST YEAR DAMAGED PROPERTY OF OTHERS ON,0.09502403067153867
C1637000,-0.09405690585999783,1996,behavioral/externalizing,BEHAVIOR PROBLEMS INDEX: CHILD IS DISOBEDIENT AT HOME,0.09405690585999783
C1194100,0.09358165921590436,1992,behavioral/externalizing,BEHAVIOR PROBLEMS INDEX: ANTISOCIAL RAW SCORE,0.09358165921590436
C1220200,-0.09248733886261269,1994,health,HEALTH: CHILD'S HEIGHT - FEET,0.09248733886261269
C0127914,-0.0912970853549475,1994,family/home,# HOUSEHOLD MEMBERS AGED 12 - 17 IN HOUSEHOLD OF MOTHER,0.0912970853549475
C0007000,-0.08911839556806406,XRND,background,AGE OF MOTHER AT BIRTH OF CHILD,0.08911839556806406
C1798400,-0.08876869839150238,1998,behavioral/externalizing,BEHAVIOR PROBLEMS INDEX: EXTERNAL STANDARD SCORE TRICHOTOMOUS ITEMS,0.08876869839150238
C1562600,0.08845213959477363,1996,behavioral/externalizing,BEHAVIOR PROBLEMS INDEX: EXTERNAL PERCENTILE SCORE TRICHOTOMOUS,0.08845213959477363
Y0670200,0.0874103124819009,1996,prior delinquency/contact,YA SELF-REPORT: HAVE YOU EVER IN LAST YEAR HURT SOMEONE ENOUGH TO,0.0874103124819009
C0985600,0.08540245424895097,1990,behavioral/externalizing,BEHAVIOR PROBLEMS INDEX: CHILD HAS STRONG TEMPER AND LOSES IT,0.08540245424895097
C0995200,0.08534779115934593,1990,behavioral/externalizing,BEHAVIOR PROBLEMS INDEX: ANTISOCIAL STANDARD SCORE - ALL CHILDREN,0.08534779115934593
C0564300,-0.08490882233696748,1986,behavioral/externalizing,BEHAVIOR PROBLEMS INDEX: CHILD CHEATS OR TELLS LIES,0.08490882233696748
C0945300,0.08484732785430467,1990,substance/risk behavior,CHILD SELF-ADMINISTERED: R'S AGE WHEN FIRST USED ANY DRUGS,0.08484732785430467
C0942700,0.08440753728797033,1990,school/achievement,CHILD SELF-ADMINISTERED: DAMAGED SCHOOL PROPERTY ON PURPOSE,0.08440753728797033
Y0671600,-0.08354024265892535,1996,substance/risk behavior,YA SELF-REPORT: EVER CONVICTED OF POSSESSION OF MARIJUANA OR,0.08354024265892535
S0062300,-0.08273893974080135,1995,school/achievement,PRINCIPAL #2: SCHOOL PROBLEM - DEGREE OF ROBBERY OR THEFT,0.08273893974080135
C0733100,0.08185179192190405,1988,substance/risk behavior,CHILD SELF-ADMINISTERED: HAVE YOU EVER USED MARIJUANA,0.08185179192190405
Y0377500,-0.08089575776304353,1994,prior delinquency/contact,YA SELF-REPORT: EVER CONVICTED OF THEFT?,0.08089575776304353
Y0670500,-0.08084685731137045,1996,prior delinquency/contact,YASR: EVER BEEN CONVICTED OF CHARGES OTHER THAN MINOR TRAFFIC,0.08084685731137045
C1183100,0.07931302877539576,1992,behavioral/externalizing,BEHAVIOR PROBLEMS INDEX: CHILD DOES NOT SEEM TO FEEL SORRY AFTER,0.07931302877539576
Y0970800,0.07882244434552062,1998,prior delinquency/contact,YASR: EVER BEEN REFERRED TO COURT-RELATED COUNSELING BY,0.07882244434552062
C1592100,-0.0779848451230092,1996,substance/risk behavior,CHILD SELF-ADMIN: CHILD'S AGE WHEN FIRST DRANK ALCOHOL,0.0779848451230092
C0996600,0.07794326730573885,1990,behavioral/externalizing,BEHAVIOR PROBLEMS INDEX: ANTISOCIAL STANDARD SCORE - SAME SEX,0.07794326730573885
C1437200,-0.0772219650372256,1994,behavioral/externalizing,BEHAVIOR PROBLEMS INDEX: CHILD HANGS AROUND WITH KIDS WHO GET INTO,0.0772219650372256
C1561600,-0.07692856038029267,1996,behavioral/externalizing,BEHAVIOR PROBLEMS INDEX: ANTISOCIAL STANDARD SCORE - SAME SEX,0.07692856038029267
C1140300,-0.07632633520895424,1992,substance/risk behavior,CHILD SELF-ADMINISTERED: HAS CHILD USED MARIJUANA IN THE PAST 3,0.07632633520895424
C1637100,-0.07390757501673509,1996,behavioral/externalizing,BEHAVIOR PROBLEMS INDEX: CHILD DOES NOT SEEM TO FEEL SORRY AFTER,0.07390757501673509
C0795900,0.07321402135983439,1988,behavioral/externalizing,BEHAVIOR PROBLEMS INDEX: ANTISOCIAL PERCENTILE SCORE - SAME SEX,0.07321402135983439
Y0378600,-0.07158124408702826,1994,prior delinquency/contact,YA SELF-REPORT: EVER BEEN CONVICTED OF ANYTHING IN ADULT COURT?,0.07158124408702826
C0783400,0.06997231463533582,1988,behavioral/externalizing,BEHAVIOR PROBLEMS INDEX: CHILD IS DISOBEDIENT AT SCHOOL,0.06997231463533582
Y0968000,0.06993358932930521,1998,prior delinquency/contact,YA SELF-REPORT: NUMBER OF TIMES BEEN CONVICTED OF SOMETHING,0.06993358932930521
Y0376500,0.06973540143830705,1994,prior delinquency/contact,YA SELF-REPORT: HAVE YOU EVER IN LAST YEAR HURT SOMEONE ENOUGH TO,0.06973540143830705
C1505700,0.06755258724370065,1994,behavioral/externalizing,BEHAVIOR PROBLEMS INDEX: EXTERNAL PERCENTILE SCORE TRICHOTOMOUS,0.06755258724370065
C1370100,-0.067238815764001,1994,substance/risk behavior,CHILD SELF-ADMIN: CHILD'S AGE WHEN FIRST DRANK ALCOHOL,0.067238815764001
S0042900,-0.0664685362547226,1995,school/achievement,PRINCIPAL #1: SCHOOL PROBLEM - DEGREE OF ROBBERY OR THEFT,0.0664685362547226
C1436300,0.06624241293983557,1994,behavioral/externalizing,BEHAVIOR PROBLEMS INDEX: CHILD HAS STRONG TEMPER AND LOSES IT,0.06624241293983557
C0995900,0.06454116641257039,1990,behavioral/externalizing,BEHAVIOR PROBLEMS INDEX: ANTISOCIAL PERCENTILE SCORE - SAME SEX,0.06454116641257039
C0564500,0.06431754703876559,1986,behavioral/externalizing,BEHAVIOR PROBLEMS INDEX: CHILD ARGUES TOO MUCH,0.06431754703876559
Y0673600,0.06345939645042993,1996,prior delinquency/contact,YA SELF-REPORT: AGE WHEN FIRST REFERRED TO COURT-RELATED COUNSELING,0.06345939645042993
C1197416,0.05941377860249041,1992,behavioral/externalizing,BEHAVIOR PROBLEMS INDEX: EXTERNAL STANDARD SCORE TRICHOTOMOUS ITEMS,0.05941377860249041
Y0969000,0.059037979141638,1998,substance/risk behavior,YA SELF-REPORT: EVER CONVICTED OF POSSESSION OF MARIJUANA OR,0.059037979141638
C1435500,0.05816694044746123,1994,behavioral/externalizing,BEHAVIOR PROBLEMS INDEX: CHILD DOES NOT SEEM TO FEEL SORRY AFTER,0.05816694044746123
Y0671100,0.0576953547502804,1996,prior delinquency/contact,YA SELF-REPORT: EVER CONVICTED OF ROBBERY?,0.0576953547502804
C1435400,-0.05701374990489345,1994,behavioral/externalizing,BEHAVIOR PROBLEMS INDEX: CHILD IS DISOBEDIENT AT HOME,0.05701374990489345
C0997104,0.05697891224576955,1990,behavioral/externalizing,BEHAVIOR PROBLEMS INDEX: EXTERNAL SCORE TRICHOTOMOUS ITEMS,0.05697891224576955
Y0672300,0.05677601975866009,1996,prior delinquency/contact,YA SELF-REPORT: EVER BEEN CONVICTED OF ANYTHING IN ADULT COURT?,0.05677601975866009
C1505800,0.0535950042296459,1994,behavioral/externalizing,BEHAVIOR PROBLEMS INDEX: EXTERNAL STANDARD SCORE TRICHOTOMOUS ITEMS,0.0535950042296459
C1638800,-0.05331916152610586,1996,behavioral/externalizing,BEHAVIOR PROBLEMS INDEX: CHILD HANGS AROUND WITH KIDS WHO GET INTO,0.05331916152610586
C0985000,-0.053270728196940766,1990,behavioral/externalizing,BEHAVIOR PROBLEMS INDEX: CHILD IS IMPULSIVE OR ACTS WITHOUT,0.053270728196940766
Y0376900,-0.053066303894002936,1994,prior delinquency/contact,YA SELF-REPORT: NUMBER OF TIMES BEEN CONVICTED OF SOMETHING,0.053066303894002936
Y0379100,-0.0530130250118445,1994,prior delinquency/contact,YASR: EVER BEEN SENTENCED TO A CORRECTIONS INSTITUTION/JAIL/REFORM,0.0530130250118445
C0733200,-0.052378942691169814,1988,substance/risk behavior,CHILD SELF-ADMINISTERED: R USED MARIJUANA IN THE PAST 3 MONTHS,0.052378942691169814
C1801400,0.05228074665683267,1998,other,WHAT I AM LIKE/SPPC: SOME KIDS UNHAPPY/SOME PLEASED WITH THEMSELVES,0.05228074665683267
C0945200,0.05225422470313993,1990,substance/risk behavior,CHILD SELF-ADMINISTERED: USED OTHER DRUGS IN THE PAST 3 MONTHS,0.05225422470313993
Y0969200,-0.05179456494466335,1998,substance/risk behavior,YA SELF-REPORT: EVER CONVICTED OF POSSESSION/USE OF ILLICIT DRUGS?,0.05179456494466335
Y0671800,-0.05150628253818474,1996,substance/risk behavior,YA SELF-REPORT: EVER CONVICTED OF POSSESSION/USE OF ILLICIT DRUGS?,0.05150628253818474
C0566600,-0.05077468969690624,1986,behavioral/externalizing,BEHAVIOR PROBLEMS INDEX: CHILD IS DISOBEDIENT AT SCHOOL,0.05077468969690624
C1370500,-0.05073261298734123,1994,substance/risk behavior,CHILD SELF-ADMIN: CHILD'S AGE WHEN FIRST USED MARIJUANA,0.05073261298734123
C1140000,-0.050532189691718854,1992,substance/risk behavior,CHILD SELF-ADMINISTERED: HAS CHILD DRUNK ALCOHOL IN THE PAST 3,0.050532189691718854
C0565000,-0.05038775696702298,1986,behavioral/externalizing,BEHAVIOR PROBLEMS INDEX: CHILD DOES NOT SEEM TO FEEL SORRY AFTER,0.05038775696702298
C1588500,0.04959666784432899,1996,prior delinquency/contact,CHILD SELF-ADMIN: HOW OFTEN IN LAST YEAR HURT SOMEONE BAD ENOUGH TO,0.04959666784432899
Y0669000,0.048584482412708054,1996,prior delinquency/contact,YA SELF-REPORT: HAVE YOU EVER IN PAST YEAR GOTTEN INTO FIGHT AT,0.048584482412708054
C1434800,-0.04833607555589942,1994,behavioral/externalizing,BEHAVIOR PROBLEMS INDEX: CHILD CHEATS OR TELLS LIES,0.04833607555589942
C1532700,-0.048105225209095076,1996,health,HEALTH: CHILD HEIGHT - FEET,0.048105225209095076
C1920500,-0.04797812207516542,1998,school/achievement,CHILD SELF-ADMIN: WHAT GRADE IN SCHOOL ARE YOU ATTENDING,0.04797812207516542
C0997105,-0.04791937851202193,1990,behavioral/externalizing,BEHAVIOR PROBLEMS INDEX: EXTERNAL PERCENTILE SCORE TRICHOTOMOUS,0.04791937851202193
S0043800,0.04648666669053775,1995,school/achievement,PRINCIPAL #1: SCHOOL PROBLEM - DEGREE OF POSSESSION OF WEAPONS,0.04648666669053775
C0942400,-0.046307378953309296,1990,prior delinquency/contact,CHILD SELF-ADMINISTERED: HURT SOMEONE BAD ENOUGH TO NEED A DOCTOR,0.046307378953309296
C1588800,-0.04544961836848897,1996,school/achievement,CHILD SELF-ADMIN: HOW OFTEN IN LAST YEAR DAMAGED SCHOOL PROPERTY ON,0.04544961836848897
C1366200,0.045371329830600285,1994,prior delinquency/contact,CHILD SELF-ADMIN: HOW OFTEN IN LAST YEAR HURT SOMEONE BAD ENOUGH TO,0.045371329830600285
C1927400,0.04464831568326836,1998,prior delinquency/contact,CHILD SELF-ADMIN: HOW OFTEN IN LAST YEAR HURT SOMEONE BAD ENOUGH TO,0.04464831568326836
C1183300,-0.04435862790639844,1992,behavioral/externalizing,BEHAVIOR PROBLEMS INDEX: CHILD IS IMPULSIVE OR ACTS WITHOUT,0.04435862790639844
Y0969500,-0.0439465361799737,1998,substance/risk behavior,YASR: EVER CONVICTED OF DRINKING/PURCHASING ALCOHOL WHILE UNDER,0.0439465361799737
Y0375300,0.04323560635447042,1994,prior delinquency/contact,YA SELF-REPORT: HAVE YOU EVER IN PAST YEAR GOTTEN INTO FIGHT AT,0.04323560635447042
C0576200,-0.04313095889207267,1986,behavioral/externalizing,BEHAVIOR PROBLEMS INDEX: ANTISOCIAL STANDARD SCORE - SAME SEX,0.04313095889207267
C1795900,-0.042812837046554204,1998,behavioral/externalizing,BEHAVIOR PROBLEMS INDEX: ANTISOCIAL STANDARD SCORE - ALL CHILDREN,0.042812837046554204
C1794500,0.042784105562793794,1998,behavioral/externalizing,BEHAVIOR PROBLEMS INDEX: ANTISOCIAL RAW SCORE,0.042784105562793794
C1562700,-0.04233720079696954,1996,behavioral/externalizing,BEHAVIOR PROBLEMS INDEX: EXTERNAL STANDARD SCORE TRICHOTOMOUS ITEMS,0.04233720079696954
C0994500,0.0418990322616007,1990,behavioral/externalizing,BEHAVIOR PROBLEMS INDEX: ANTISOCIAL PERCENTILE SCORE - ALL CHILDREN,0.0418990322616007
C1503300,-0.041619902285272826,1994,behavioral/externalizing,BEHAVIOR PROBLEMS INDEX: ANTISOCIAL STANDARD SCORE - ALL CHILDREN,0.041619902285272826
C1196200,0.041182656908024,1992,behavioral/externalizing,BEHAVIOR PROBLEMS INDEX: ANTISOCIAL PERCENTILE SCORE - SAME SEX,0.041182656908024
C1504000,-0.04061344020545013,1994,behavioral/externalizing,BEHAVIOR PROBLEMS INDEX: ANTISOCIAL PERCENTILE SCORE - SAME SEX,0.04061344020545013
C1185100,-0.04005934664911179,1992,behavioral/externalizing,BEHAVIOR PROBLEMS INDEX: CHILD IS DISOBEDIENT AT SCHOOL,0.04005934664911179
Y0969800,-0.04002343974618533,1998,prior delinquency/contact,YA SELF-REPORT: EVER BEEN ON PROBATION?,0.04002343974618533
C1798900,-0.039851982523764595,1998,behavioral/externalizing,BEHAVIOR PROBLEMS INDEX: EXTERNAL RAW SCORE TRICHOTOMOUS ITEMS -,0.039851982523764595
Y0671300,-0.03910997780942357,1996,prior delinquency/contact,YA SELF-REPORT: EVER CONVICTED OF FENCING/RECEIVING/SELLING STOLEN,0.03910997780942357
C1558800,-0.038911367384242335,1996,behavioral/externalizing,BEHAVIOR PROBLEMS INDEX: ANTISOCIAL RAW SCORE,0.038911367384242335
C0577900,-0.03871011162668204,1986,school/achievement,KNOWLEDGE OF BODY PARTS: TOTAL RAW SCORE,0.03871011162668204
C1798200,-0.038664532243439145,1998,behavioral/externalizing,BEHAVIOR PROBLEMS INDEX: EXTERNAL SCORE TRICHOTOMOUS ITEMS,0.038664532243439145
S0063200,0.03838549365469091,1995,school/achievement,PRINCIPAL #2: SCHOOL PROBLEM - DEGREE OF POSSESSION OF WEAPONS,0.03838549365469091
C0783700,-0.03807310586695064,1988,behavioral/externalizing,BEHAVIOR PROBLEMS INDEX: CHILD HANGS AROUND WITH KIDS WHO GET INTO,0.03807310586695064
C0944600,-0.03730965890510492,1990,substance/risk behavior,CHILD SELF-ADMINISTERED: HAVE R DRUNK ALCOHOL IN THE PAST 3 MONTHS,0.03730965890510492
C1195500,-0.03727662450341691,1992,behavioral/externalizing,BEHAVIOR PROBLEMS INDEX: ANTISOCIAL STANDARD SCORE - ALL CHILDREN,0.03727662450341691
Y0379700,-0.03700859448264616,1994,prior delinquency/contact,YASR: EVER BEEN REFERRED TO COURT-RELATED COUNSELING BY,0.03700859448264616
C0574100,0.035871076557984216,1986,behavioral/externalizing,BEHAVIOR PROBLEMS INDEX: ANTISOCIAL PERCENTILE SCORE - ALL CHILDREN,0.035871076557984216
C0119000,0.035870105531146564,1988,family/home,NUMBER OF HOUSEHOLD MEMBERS AGED 6 - 11,0.035870105531146564
C0732900,-0.03540808936269815,1988,substance/risk behavior,CHILD SELF-ADMINISTERED: HAVE R DRUNK ALCOHOL IN PAST 3 MONTHS,0.03540808936269815
C1182600,0.03531966765483627,1992,behavioral/externalizing,BEHAVIOR PROBLEMS INDEX: CHILD ARGUES TOO MUCH,0.03531966765483627
C1933400,-0.03472778744213973,1998,substance/risk behavior,CHILD SELF-ADMIN: CHILD'S AGE WHEN FIRST USED MARIJUANA,0.03472778744213973
Y0378700,0.034674523508633454,1994,prior delinquency/contact,YA SELF-REPORT: EVER BEEN ON PROBATION?,0.034674523508633454
C0112600,0.03463388485330224,1986,family/home,NUMBER OF MEMBERS UNDER 18 IN HH OF MOTHER,0.03463388485330224
Y0968600,-0.03352920119919166,1998,prior delinquency/contact,YA SELF-REPORT: EVER CONVICTED OF THEFT?,0.03352920119919166
Y0375200,-0.03352787944947699,1994,prior delinquency/contact,YA SELF-REPORT: EVER IN LAST YEAR DAMAGED PROPERTY OF OTHERS ON,0.03352787944947699
C0565200,-0.03324414802009164,1986,behavioral/externalizing,BEHAVIOR PROBLEMS INDEX: CHILD IS IMPULSIVE OR ACTS WITHOUT,0.03324414802009164
Y0967900,0.03311023143383856,1998,prior delinquency/contact,YASR: EVER BEEN CONVICTED OF CHARGES OTHER THAN MINOR TRAFFIC,0.03311023143383856
C0733000,0.03248331339231585,1988,substance/risk behavior,CHILD SELF-ADMINISTERED: R'S AGE WHEN FIRST DRANK ALCOHOL,0.03248331339231585
C1796600,-0.032426788272538594,1998,behavioral/externalizing,BEHAVIOR PROBLEMS INDEX: ANTISOCIAL PERCENTILE SCORE - SAME SEX,0.032426788272538594
C1560900,-0.03221303060635471,1996,behavioral/externalizing,BEHAVIOR PROBLEMS INDEX: ANTISOCIAL PERCENTILE SCORE - SAME SEX,0.03221303060635471
C1977900,-0.030838708426333808,1998,behavioral/externalizing,BEHAVIOR PROBLEMS INDEX: CHILD IS DISOBEDIENT AT HOME,0.030838708426333808
C0984800,-0.030665412829202814,1990,behavioral/externalizing,BEHAVIOR PROBLEMS INDEX: CHILD DOES NOT SEEM TO FEEL SORRY AFTER,0.030665412829202814
Y0380500,0.030428898309543418,1994,socioeconomic/work,YA SELF-REPORT: WAS VOLUNTEER WORK COURT ORDERED?,0.030428898309543418
C0797104,-0.030239788840449883,1988,behavioral/externalizing,BEHAVIOR PROBLEMS INDEX: EXTERNAL SCORE TRICHOTOMOUS ITEMS,0.030239788840449883
C1435000,0.029900137469415947,1994,behavioral/externalizing,BEHAVIOR PROBLEMS INDEX: CHILD ARGUES TOO MUCH,0.029900137469415947
C0945100,-0.028815111381412736,1990,substance/risk behavior,CHILD SELF-ADMINISTERED: HAVE YOU EVER USED OTHER DRUGS,0.028815111381412736
Y0378400,0.028154991078411917,1994,substance/risk behavior,YASR: EVER CONVICTED OF DRINKING/PURCHASING ALCOHOL WHILE UNDER,0.028154991078411917
C1562500,-0.027806792093491402,1996,behavioral/externalizing,BEHAVIOR PROBLEMS INDEX: EXTERNAL SCORE TRICHOTOMOUS ITEMS,0.027806792093491402
C1137200,-0.027504074629663675,1992,prior delinquency/contact,CHILD SELF-ADMIN: HOW OFTEN IN LAST YEAR HURT SOMEONE BAD ENOUGH TO,0.027504074629663675
C1944900,-0.02691116265436239,1998,family/home,HOME PART A (0-2 YRS): HOW OFTEN MOTHER TALKS TO CHILD WHILE,0.02691116265436239
C0795200,-0.026855291374282088,1988,behavioral/externalizing,BEHAVIOR PROBLEMS INDEX: ANTISOCIAL STANDARD SCORE - ALL CHILDREN,0.026855291374282088
C0797106,-0.026130546461193307,1988,behavioral/externalizing,BEHAVIOR PROBLEMS INDEX: EXTERNAL STANDARD SCORE TRICHOTOMOUS ITEMS,0.026130546461193307
C0733500,0.025808182128664484,1988,substance/risk behavior,CHILD SELF-ADMINISTERED: USED OTHER DRUGS IN THE PAST 3 MONTHS,0.025808182128664484
C1502600,0.0256810126040117,1994,behavioral/externalizing,BEHAVIOR PROBLEMS INDEX: ANTISOCIAL PERCENTILE SCORE - ALL CHILDREN,0.0256810126040117
C0731000,0.025258649470415617,1988,school/achievement,CHILD SELF-ADMINISTERED: DAMAGED SCHOOL PROPERTY ON PURPOSE,0.025258649470415617
C1137500,-0.025177352461927968,1992,school/achievement,CHILD SELF-ADMIN: HOW OFTEN IN LAST YEAR DAMAGED SCHOOL PROPERTY ON,0.025177352461927968
C0576705,0.02506933203469614,1986,behavioral/externalizing,BEHAVIOR PROBLEMS INDEX: EXTERNAL PERCENTILE SCORE TRICHOTOMOUS,0.02506933203469614
Y0379900,0.025026064008416463,1994,prior delinquency/contact,YA SELF-REPORT: AGE WHEN FIRST REFERRED TO COURT-RELATED COUNSELING,0.025026064008416463
C0128014,0.023964853202680606,1996,family/home,# HOUSEHOLD MEMBERS AGED 12 - 17 IN HOUSEHOLD OF MOTHER,0.023964853202680606
C0733600,-0.0226322866155811,1988,substance/risk behavior,CHILD SELF-ADMINISTERED: R'S AGE WHEN FIRST USED ANY DRUGS,0.0226322866155811
Y0377600,0.02207907866293307,1994,prior delinquency/contact,YA SELF-REPORT: EVER CONVICTED OF FENCING/RECEIVING/SELLING STOLEN,0.02207907866293307
C0733300,-0.021728917308282306,1988,substance/risk behavior,CHILD SELF-ADMINISTERED: R'S AGE WHEN FIRST USED MARIJUANA,0.021728917308282306
Y0670600,0.02135953426762172,1996,prior delinquency/contact,YA SELF-REPORT: NUMBER OF TIMES BEEN CONVICTED OF SOMETHING,0.02135953426762172
C1563200,0.021316471296851398,1996,behavioral/externalizing,BEHAVIOR PROBLEMS INDEX: EXTERNAL RAW SCORE TRICHOTOMOUS ITEMS -,0.021316471296851398
Y0967600,0.021237099006355023,1998,prior delinquency/contact,YA SELF-REPORT: HAVE YOU EVER IN LAST YEAR HURT SOMEONE ENOUGH TO,0.021237099006355023
C0945000,0.01928525624023434,1990,substance/risk behavior,CHILD SELF-ADMINISTERED: R'S AGE WHEN FIRST USED MARIJUANA,0.01928525624023434
C0944800,-0.019284428090437414,1990,substance/risk behavior,CHILD SELF-ADMINISTERED: HAVE YOU EVER USED MARIJUANA,0.019284428090437414
C1437500,-0.01819034264022579,1994,behavioral/externalizing,BEHAVIOR PROBLEMS INDEX: CHILD IS DISOBEDIENT AT SCHOOL,0.01819034264022579
C0986500,0.017276125652370418,1990,behavioral/externalizing,BEHAVIOR PROBLEMS INDEX: CHILD HANGS AROUND WITH KIDS WHO GET INTO,0.017276125652370418
C0796600,0.01714063689068629,1988,behavioral/externalizing,BEHAVIOR PROBLEMS INDEX: ANTISOCIAL STANDARD SCORE - SAME SEX,0.01714063689068629
C0944500,0.01699261737468669,1990,substance/risk behavior,CHILD SELF-ADMINISTERED: HAVE YOU EVER DRUNK ALCOHOL,0.01699261737468669
Y0378100,0.016927479565358387,1994,substance/risk behavior,YA SELF-REPORT: EVER CONVICTED OF POSSESSION/USE OF ILLICIT DRUGS?,0.016927479565358387
C0944700,-0.016079541416920605,1990,substance/risk behavior,CHILD SELF-ADMINISTERED: R'S AGE WHEN FIRST DRANK ALCOHOL,0.016079541416920605
Y0671200,-0.01503349323193288,1996,prior delinquency/contact,YA SELF-REPORT: EVER CONVICTED OF THEFT?,0.01503349323193288
C1797300,-0.014868384041084457,1998,behavioral/externalizing,BEHAVIOR PROBLEMS INDEX: ANTISOCIAL STANDARD SCORE - SAME SEX,0.014868384041084457
C1504700,-0.014807509210801074,1994,behavioral/externalizing,BEHAVIOR PROBLEMS INDEX: ANTISOCIAL STANDARD SCORE - SAME SEX,0.014807509210801074
C1183000,-0.014638622836943085,1992,behavioral/externalizing,BEHAVIOR PROBLEMS INDEX: CHILD IS DISOBEDIENT AT HOME,0.014638622836943085
C1798300,0.013382844510274048,1998,behavioral/externalizing,BEHAVIOR PROBLEMS INDEX: EXTERNAL PERCENTILE SCORE TRICHOTOMOUS,0.013382844510274048
C1559500,-0.012970603092690975,1996,behavioral/externalizing,BEHAVIOR PROBLEMS INDEX: ANTISOCIAL PERCENTILE SCORE - ALL CHILDREN,0.012970603092690975
Y0968700,0.012333663500644767,1998,prior delinquency/contact,YA SELF-REPORT: EVER CONVICTED OF FENCING/RECEIVING/SELLING STOLEN,0.012333663500644767
C0984300,0.012293479169851317,1990,behavioral/externalizing,BEHAVIOR PROBLEMS INDEX: CHILD ARGUES TOO MUCH,0.012293479169851317
Y0966300,0.012179223240013762,1998,prior delinquency/contact,YA SELF-REPORT: EVER IN LAST YEAR DAMAGED PROPERTY OF OTHERS ON,0.012179223240013762
C1505600,0.012137296910367084,1994,behavioral/externalizing,BEHAVIOR PROBLEMS INDEX: EXTERNAL SCORE TRICHOTOMOUS ITEMS,0.012137296910367084
C1183900,0.011963101934271338,1992,behavioral/externalizing,BEHAVIOR PROBLEMS INDEX: CHILD HAS STRONG TEMPER AND LOSES IT,0.011963101934271338
Y0377700,-0.011407896849247886,1994,prior delinquency/contact,YA SELF-REPORT: EVER CONVICTED OF DESTRUCTION OF PROPERTY?,0.011407896849247886
C1979700,-0.010954063511310001,1998,behavioral/externalizing,BEHAVIOR PROBLEMS INDEX: CHILD HANGS AROUND WITH KIDS WHO GET INTO,0.010954063511310001
C1932800,0.010700884660931328,1998,substance/risk behavior,CHILD SELF-ADMIN: CHILD'S AGE WHEN FIRST DRANK ALCOHOL,0.010700884660931328
Y0969700,0.010629085471944195,1998,prior delinquency/contact,YA SELF-REPORT: EVER BEEN CONVICTED OF ANYTHING IN ADULT COURT?,0.010629085471944195
C0781700,-0.010582444371464063,1988,behavioral/externalizing,BEHAVIOR PROBLEMS INDEX: CHILD IS DISOBEDIENT AT HOME,0.010582444371464063
Y0674200,0.010157578615196183,1996,socioeconomic/work,YA SELF-REPORT: WAS VOLUNTEER WORK COURT ORDERED?,0.010157578615196183
C0732800,-0.009180417757786387,1988,substance/risk behavior,CHILD SELF-ADMINISTERED: HAVE YOU EVER DRUNK ALCOHOL,0.009180417757786387
C0733400,-0.00846668684877947,1988,substance/risk behavior,CHILD SELF-ADMINISTERED: HAVE YOU EVER USED OTHER DRUGS,0.00846668684877947
C0984700,-0.008402748223408302,1990,behavioral/externalizing,BEHAVIOR PROBLEMS INDEX: CHILD IS DISOBEDIENT AT HOME,0.008402748223408302
C1184800,-0.008037434691288097,1992,behavioral/externalizing,BEHAVIOR PROBLEMS INDEX: CHILD HANGS AROUND WITH KIDS WHO GET INTO,0.008037434691288097
C0986800,-0.007974336429787333,1990,behavioral/externalizing,BEHAVIOR PROBLEMS INDEX: CHILD IS DISOBEDIENT AT SCHOOL,0.007974336429787333
Y0376800,0.007842734668680315,1994,prior delinquency/contact,YASR: EVER BEEN CONVICTED OF CHARGES OTHER THAN MINOR TRAFFIC,0.007842734668680315
C0576704,0.00754956678825601,1986,behavioral/externalizing,BEHAVIOR PROBLEMS INDEX: EXTERNAL SCORE TRICHOTOMOUS ITEMS,0.00754956678825601
C0993800,0.0070204173237451975,1990,behavioral/externalizing,BEHAVIOR PROBLEMS INDEX: ANTISOCIAL RAW SCORE,0.0070204173237451975
C0944900,0.0067508549080739855,1990,substance/risk behavior,CHILD SELF-ADMINISTERED: R USED MARIJUANA IN THE PAST 3 MONTHS,0.0067508549080739855
C0576706,-0.006605172279334367,1986,behavioral/externalizing,BEHAVIOR PROBLEMS INDEX: EXTERNAL STANDARD SCORE TRICHOTOMOUS ITEMS,0.006605172279334367
C1560200,0.006323473425173255,1996,behavioral/externalizing,BEHAVIOR PROBLEMS INDEX: ANTISOCIAL STANDARD SCORE - ALL CHILDREN,0.006323473425173255
C0575500,0.00626806537931808,1986,behavioral/externalizing,BEHAVIOR PROBLEMS INDEX: ANTISOCIAL PERCENTILE SCORE - SAME SEX,0.00626806537931808
Y0377300,-0.005806180752587871,1994,prior delinquency/contact,YA SELF-REPORT: EVER CONVICTED OF ASSAULT?,0.005806180752587871
C0574800,0.005728087129012884,1986,behavioral/externalizing,BEHAVIOR PROBLEMS INDEX: ANTISOCIAL STANDARD SCORE - ALL CHILDREN,0.005728087129012884
Y0971000,0.005435865503923083,1998,prior delinquency/contact,YA SELF-REPORT: AGE WHEN FIRST REFERRED TO COURT-RELATED COUNSELING,0.005435865503923083
C1910300,0.005251441464140218,1998,family/home,CHILD SELF-ADMIN: HOW MUCH SAY IN RULES ABOUT WATCHING TV,0.005251441464140218
C0781800,0.004980964795079238,1988,behavioral/externalizing,BEHAVIOR PROBLEMS INDEX: CHILD DOES NOT SEEM TO FEEL SORRY AFTER,0.004980964795079238
Y0671400,0.004789531464583478,1996,prior delinquency/contact,YA SELF-REPORT: EVER CONVICTED OF DESTRUCTION OF PROPERTY?,0.004789531464583478
C1140600,0.004652356704236052,1992,substance/risk behavior,CHILD SELF-ADMINISTERED: HAS CHILD USED OTHER DRUGS IN THE PAST 3,0.004652356704236052
Y0673400,-0.0038295747368915266,1996,prior delinquency/contact,YASR: EVER BEEN REFERRED TO COURT-RELATED COUNSELING BY,0.0038295747368915266
Y0954700,0.003764210351582369,1998,substance/risk behavior,YA SELF-REPORT:  HAVE YOU EVER USED MARIJUANA,0.003764210351582369
Y0970900,0.003745419937063662,1998,prior delinquency/contact,YA SELF-REPORT: NUMBER OF TIMES REFERRED TO COURT-RELATED,0.003745419937063662
Y0379800,-0.0025501281747756176,1994,prior delinquency/contact,YA SELF-REPORT: NUMBER OF TIMES REFERRED TO COURT-RELATED,0.0025501281747756176
C0794500,0.002265975603984648,1988,behavioral/externalizing,BEHAVIOR PROBLEMS INDEX: ANTISOCIAL PERCENTILE SCORE - ALL CHILDREN,0.002265975603984648
C0564900,0.0017838812258221361,1986,behavioral/externalizing,BEHAVIOR PROBLEMS INDEX: CHILD IS DISOBEDIENT AT HOME,0.0017838812258221361
C1182400,-0.0017462471420499894,1992,behavioral/externalizing,BEHAVIOR PROBLEMS INDEX: CHILD CHEATS OR TELLS LIES,0.0017462471420499894
C1637900,0.0016255487643717403,1996,behavioral/externalizing,BEHAVIOR PROBLEMS INDEX: CHILD HAS STRONG TEMPER AND LOSES IT,0.0016255487643717403
C1197414,-0.0015031273830348683,1992,behavioral/externalizing,BEHAVIOR PROBLEMS INDEX: EXTERNAL SCORE TRICHOTOMOUS ITEMS,0.0015031273830348683
Y0671700,-0.0008328892276201208,1996,substance/risk behavior,YA SELF-REPORT: EVER CONVICTED OF SELLING MARIJUANA OR HASHISH?,0.0008328892276201208
C1501900,-0.0007402220882307306,1994,behavioral/externalizing,BEHAVIOR PROBLEMS INDEX: ANTISOCIAL RAW SCORE,0.0007402220882307306
Y0377900,0.0,1994,substance/risk behavior,YA SELF-REPORT: EVER CONVICTED OF POSSESSION OF MARIJUANA OR,0.0
Y0378000,0.0,1994,substance/risk behavior,YA SELF-REPORT: EVER CONVICTED OF SELLING MARIJUANA OR HASHISH?,0.0
Y0970100,0.0,1998,prior delinquency/contact,YA SELF-REPORT: STILL ON PROBATION,0.0
Y0672700,0.0,1996,prior delinquency/contact,YA SELF-REPORT: STILL ON PROBATION,0.0
Y0379000,0.0,1994,prior delinquency/contact,YA SELF-REPORT: STILL ON PROBATION,0.0
